"","Adopt-a-Stream Foundation","Bainbridge Beach Naturalists","Bainbridge Island Watershed Council","Chambers/Clover Watershed Council","Chico Creek Task Force","Citizens for a Healthy Bay","Citizens of Orcas Island","City of Arlington","City of Bellingham","City of Bothell","City of Bremerton","City of Everett","City of Lacey","City of Lake Stevens","City of Mill Creek","City of Oak Harbor","City of Orting","City of Port Angeles","City of Puyallup","City of Redmond","City of SeaTac","City of Seattle","City of Snohomish","City of Tumwater","Clallam Conservation District","Clallam County","Clallam County Streamkeepers","Dumas & Associates, Inc.","ENVIRON","Environmental Coaliton of South Seattle","Environmental Science Associates","Feiro Marine Life Center","Friends of Freeland","Friends of North Creek Forest","Friends of the San Juans","Futurewise","Goff Consulting","Great Peninsula Conservancy","Harbor Wildwatch","HCCC","Hood Canal Salmon Enhancement","Island County","Island County Water Resources Advisory Committee","Island MRC","Island Salmon Recovery Lead Entity","Jamestown S'Klallam Tribe","Jefferson Conservation District","Jefferson County","Jefferson CWDAC","Jefferson MRC","King Conservation District","King County","Kitsap County","LakeWhatcom.org","Long Live the Kings","Lummi Tribe","Mason Conservation District","Mason County","National Wildlife Federation","Nisqually Land Trust","Nisqually River Council","Nisqually River Foundation","Nisqually Tribe","NMFS","NOAA","Nooksack Salmon Enhancement Association","Nooksack Tribe","North Olympic Land Trust","Northern Economics","Northwest Straits Commission","NOSC","NWFSC","NWIFC","OrcaNet","Padilla Bay National Estuarine Research Reserve","Pierce Conservation District","Pierce County","PNNL","Point No Point Treaty Council","Port of Port Angeles","Port of Tacoma","Port Townsend Marine Science Center","PSP","PSP Leadership Council","Puget Sound Institute","Puget Soundkeeper Alliance ","RE Sources","Salmon Recovery Funding Board","San Juan County","San Juan MRC","SeaDoc Society","Seattle Aquarium","Seattle Audubon","Sierra Club","Skagit Conservation District","Skagit County","Skagit Fisheries Enhancement","Skagit Land Trust","Skagit MRC","Skagit River System Cooperative","Skagit Tribe","Skokomish Tribe","Snohomish Conservation District","Snohomish County","Snohomish MRC","Snoqualmie Watershed Forum","Sound Experience","Sound Salmon Solutions","South Puget Sound Salmon Enhancement","South Sound LIO","Southwest Fisheries Science Center","Stanford","Stewardship Partners","Stillaguamish Clean Water District","Stillaguamish Tribe","Stillaguamish Watershed Council","Stillwaters Environmental Education Center","Suquamish Tribe","Surfrider Foundation","The Nature Conservancy","Thurston Conservation District","Thurston County","Trout Unlimited","Tulalip Tribe","US Navy","USACOE","USCG","USDA","USEPA","USFS","USFWS","UW","UW Tacoma","Vashon Beach Naturalists","Washington Environmental Council","Washington Sea Grant","Washington Trollers Association","WDFW","WDOE","West Sound Watershed Council","Whatcom County","Whatcom ECO Net","Whatcom MRC","Whidbey Conservation District","Whidbey ECO Net","Whidbey/Camano Land Trust","Wild Fish Conservancy","WRCO","WRIA 10/12","WRIA 2","WRIA 2 TAG","WRIA 6","WRIA 8","WRIA 9","WSP","WSUX","WSUX Beachwatchers","WSUX CarbonMasters","WSUX Clallam","WSUX Jefferson","WSUX Kitsap","WWU"
"Adopt-a-Stream Foundation",2,0,0,0,0,0,0,0,0,2,0,0,0,0,2,0,0,0,0,2,0,2,0,0,0,0,0,0,0,2,0,0,0,2,0,0,0,0,0,0,0,0,0,0,0,0,0,0,0,0,2,2,0,0,0,0,0,0,0,0,2,0,0,2,2,0,0,0,0,0,0,0,0,0,0,0,0,0,0,0,0,0,0,0,0,0,0,0,0,0,0,2,0,0,0,0,0,0,0,0,0,0,0,2,0,0,0,0,0,0,0,0,0,0,0,0,0,0,0,0,0,0,0,0,0,0,0,0,0,0,0,0,0,0,0,0,0,2,0,0,0,0,0,0,0,0,0,0,0,0,0,0,2,2,0,0,0,0,0,0,0,0
"Bainbridge Beach Naturalists",0,2,0,1,1,0,0,0,1,0,1,1,0,0,0,0,0,0,0,0,0,0,0,0,0,0,0,0,1,1,1,0,0,0,1,0,0,1,0,0,1,0,0,0,0,0,0,0,0,0,0,1,1,0,1,0,1,0,0,2,0,0,0,1,0,0,0,0,1,1,0,1,0,0,0,1,1,0,0,0,0,0,0,0,0,0,0,0,0,0,0,0,0,0,1,0,0,0,0,1,0,0,0,0,1,0,0,0,2,0,0,0,0,1,0,0,1,1,0,1,0,0,0,0,0,1,0,0,0,0,0,1,0,0,1,0,0,2,1,2,0,0,0,0,0,0,0,0,0,1,0,0,0,2,0,0,0,0,0,0,1,0
"Bainbridge Island Watershed Council",0,0,2,2,0,0,2,0,0,0,0,2,0,0,0,0,2,0,0,0,0,2,0,0,0,0,0,0,0,0,0,0,0,0,0,0,0,0,0,0,0,0,0,0,2,0,0,0,0,0,0,0,0,0,0,0,0,0,0,0,0,0,2,0,0,0,0,0,0,0,0,0,0,0,0,0,2,2,0,0,0,0,2,2,0,0,0,0,0,0,0,0,0,0,0,0,0,0,0,0,2,0,0,2,0,2,0,0,0,0,0,0,0,2,2,0,0,0,0,2,0,2,2,2,0,0,0,0,0,0,0,0,0,0,0,0,0,2,2,2,2,0,0,0,0,0,0,0,2,2,0,2,2,2,0,0,0,0,0,0,0,0
"Chambers/Clover Watershed Council",0,1,2,10,0,7,2,0,1,0,0,3,0,0,0,0,9,0,7,0,0,2,0,0,0,0,0,0,7,1,1,0,0,0,1,0,0,0,7,0,0,0,0,0,2,0,0,0,0,0,0,8,0,0,1,0,1,0,0,1,0,0,2,7,0,0,0,0,1,1,0,1,0,0,0,7,9,2,0,0,0,0,2,2,0,0,0,0,0,0,0,0,0,0,1,0,0,0,0,1,2,0,0,2,1,2,0,0,8,0,0,0,0,3,2,0,0,0,0,3,0,2,2,2,0,1,0,0,0,0,0,1,7,0,1,0,0,10,2,3,2,0,0,0,0,0,0,0,9,3,0,2,2,10,0,0,0,0,0,0,0,0
"Chico Creek Task Force",0,7,0,0,7,0,0,0,0,0,7,0,0,0,0,0,0,0,0,0,0,0,0,0,0,0,0,0,7,0,0,0,0,0,0,0,0,7,0,0,7,0,0,0,0,0,0,0,0,0,0,0,7,0,0,0,0,0,0,7,0,0,0,7,0,0,0,0,0,0,0,0,0,0,0,7,7,0,0,0,0,0,0,0,0,0,0,0,0,0,0,0,0,0,0,0,0,0,0,0,0,0,0,0,0,0,0,0,7,0,0,0,0,0,0,0,7,7,0,0,0,0,0,0,0,0,0,0,0,0,0,0,0,0,0,0,0,7,7,7,0,0,0,0,0,0,0,0,0,0,0,0,0,7,0,0,0,0,0,0,7,0
"Citizens for a Healthy Bay",0,0,0,13,0,20,0,0,0,0,0,0,0,0,0,0,13,0,13,0,0,0,0,0,0,0,0,0,13,0,7,0,0,0,7,7,0,0,13,0,0,0,0,0,0,0,0,0,0,0,0,13,0,0,7,0,0,0,7,0,0,0,0,13,0,0,0,0,0,0,0,0,0,7,0,13,13,0,0,0,7,0,0,0,0,7,0,0,0,0,0,0,7,7,0,0,0,0,0,0,0,0,0,0,0,0,0,0,13,0,0,0,0,0,0,0,0,0,7,7,0,0,0,0,0,0,0,0,0,0,0,0,13,0,7,0,0,13,0,0,0,0,0,0,7,0,0,0,13,0,0,0,0,13,0,0,0,0,0,0,0,0
"Citizens of Orcas Island",0,0,1,1,0,0,3,0,0,0,0,1,0,0,0,0,1,0,0,0,0,1,0,0,0,0,0,0,0,0,0,0,0,0,1,0,0,0,0,0,0,0,0,0,1,0,0,2,0,0,0,0,0,0,2,0,0,0,0,0,0,0,1,0,1,0,1,0,0,1,0,0,0,0,0,0,1,1,0,0,0,0,1,1,0,0,0,0,2,2,1,0,0,0,0,0,1,0,0,2,1,0,0,1,1,1,1,0,0,0,0,0,0,1,2,0,0,0,1,1,0,1,1,1,0,0,1,0,0,0,0,1,0,0,2,1,0,3,1,1,1,0,0,0,0,0,1,0,1,3,1,1,1,2,0,0,0,0,0,0,0,0
"City of Arlington",0,0,0,0,0,0,0,12,0,0,0,0,0,7,5,0,5,0,5,0,0,5,0,0,0,0,0,0,5,0,5,0,0,0,0,0,0,0,0,0,0,7,0,0,5,0,0,0,0,0,0,0,0,0,12,0,5,0,0,0,5,0,0,7,7,0,0,0,0,0,0,0,5,0,0,0,5,0,5,0,0,0,5,0,0,0,0,0,0,0,0,0,0,0,0,0,0,0,0,0,0,0,7,7,7,0,0,7,0,5,0,0,0,7,12,7,0,5,0,7,0,5,0,7,0,0,0,5,5,0,0,5,0,0,0,0,0,12,7,5,0,0,0,0,0,0,0,0,0,5,0,5,5,12,0,0,0,0,0,0,0,0
"City of Bellingham",0,3,0,3,0,0,0,0,21,0,0,3,0,0,0,0,0,0,0,0,0,0,0,0,0,0,0,6,0,3,15,0,0,0,3,0,0,0,0,0,0,0,0,0,0,0,0,0,0,0,0,3,0,6,3,6,3,0,0,3,0,0,0,6,18,6,12,0,3,15,0,3,0,0,6,0,0,0,0,0,0,0,0,0,0,0,12,6,0,0,12,0,0,0,3,0,0,0,0,9,0,0,0,0,15,0,0,0,3,0,0,0,0,3,6,0,0,0,0,3,0,0,0,0,0,3,0,0,0,0,0,3,0,0,3,0,18,21,0,3,18,12,18,0,0,0,0,0,0,3,0,0,0,9,0,0,0,18,0,0,0,12
"City of Bothell",5,0,0,0,0,0,0,0,0,6,0,1,0,1,6,0,0,0,0,5,0,6,1,0,0,0,0,0,0,5,0,0,0,5,0,0,0,0,0,0,0,1,0,0,0,0,0,0,0,0,6,6,0,0,0,0,0,0,0,0,5,0,0,6,5,0,0,0,0,0,0,0,1,0,0,0,0,0,0,0,0,0,0,0,0,0,0,0,0,0,0,5,0,0,0,0,0,0,0,0,0,0,1,6,1,1,0,1,0,0,0,0,1,0,1,0,0,0,0,0,0,0,0,1,0,0,0,0,0,0,0,0,0,0,0,0,0,6,1,0,0,0,0,0,0,0,0,0,0,0,0,0,5,6,0,0,0,0,0,0,0,0
"City of Bremerton",0,4,0,0,4,0,0,0,0,0,4,0,0,0,0,0,0,0,0,0,0,0,0,0,0,0,0,0,4,0,0,0,0,0,0,0,0,4,0,0,4,0,0,0,0,0,0,0,0,0,0,0,4,0,0,0,0,0,0,4,0,0,0,4,0,0,0,0,0,0,0,0,0,0,0,4,4,0,0,0,0,0,0,0,0,0,0,0,0,0,0,0,0,0,0,0,0,0,0,0,0,0,0,0,0,0,0,0,4,0,0,0,0,0,0,0,4,4,0,0,0,0,0,0,0,0,0,0,0,0,0,0,0,0,0,0,0,4,4,4,0,0,0,0,0,0,0,0,0,0,0,0,0,4,0,0,0,0,0,0,4,0
"City of Everett",0,5,4,9,0,0,4,0,5,6,0,35,0,6,6,0,4,0,0,11,0,29,6,0,0,0,15,0,4,5,5,0,0,0,5,11,0,0,0,0,0,7,0,0,4,0,0,0,0,0,6,12,15,0,9,0,5,0,0,5,0,0,4,21,5,0,0,0,5,6,0,5,14,0,0,0,15,8,0,0,0,0,4,4,0,7,0,4,0,0,1,0,4,0,5,0,0,0,0,5,8,0,7,11,12,10,0,7,5,0,0,0,6,14,11,0,0,0,0,9,0,4,4,11,5,5,0,0,0,0,0,9,0,0,5,4,0,20,25,9,4,0,0,1,0,0,0,0,4,9,0,4,4,15,0,0,0,0,0,0,0,0
"City of Lacey",0,0,0,0,0,0,0,0,0,0,0,0,8,0,0,0,0,0,0,0,0,0,0,4,0,0,0,0,4,0,0,0,0,0,0,0,0,0,8,0,4,0,0,0,0,0,0,0,0,0,0,0,0,0,0,0,4,0,0,8,4,4,8,8,0,0,0,0,0,0,0,0,0,0,0,8,8,0,0,0,0,0,4,0,0,0,0,0,0,0,0,4,0,0,0,0,0,0,0,0,0,0,0,0,0,0,0,0,8,0,0,0,0,0,0,0,0,0,0,0,4,4,0,0,0,0,0,0,0,0,8,0,0,4,0,0,0,8,0,0,0,0,0,0,0,0,0,8,0,0,0,0,0,8,0,0,0,0,0,0,4,0
"City of Lake Stevens",0,0,0,0,0,0,0,3,0,3,0,3,0,6,3,0,0,0,0,0,0,3,3,0,0,0,0,0,0,0,0,0,0,0,0,0,0,0,0,0,0,6,0,0,0,0,0,0,0,0,3,3,0,0,3,0,0,0,0,0,0,0,0,6,3,0,0,0,0,0,0,0,3,0,0,0,0,0,0,0,0,0,0,0,0,0,0,0,0,0,0,0,0,0,0,0,0,0,0,0,0,0,6,6,6,3,0,6,0,0,0,0,3,3,6,3,0,0,0,3,0,0,0,6,0,0,0,0,0,0,0,0,0,0,0,0,0,6,6,0,0,0,0,0,0,0,0,0,0,0,0,0,0,6,0,0,0,0,0,0,0,0
"City of Mill Creek",4,0,0,0,0,0,0,3,0,5,0,1,0,1,8,0,3,0,3,4,0,8,1,0,0,0,0,0,3,4,3,0,0,4,0,0,0,0,0,0,0,1,0,0,3,0,0,0,0,0,5,5,0,0,3,0,3,0,0,0,7,0,0,5,4,0,0,0,0,0,0,0,4,0,0,0,3,0,3,0,0,0,3,0,0,0,0,0,0,0,0,4,0,0,0,0,0,0,0,0,0,0,1,5,1,1,0,1,0,3,0,0,1,0,4,0,0,3,0,0,0,3,0,1,0,0,0,3,3,0,0,3,0,0,0,0,0,8,1,3,0,0,0,0,0,0,0,0,0,3,0,3,7,8,0,0,0,0,0,0,0,0
"City of Oak Harbor",0,0,0,0,0,0,0,0,0,0,0,0,0,0,0,4,0,0,0,0,0,0,0,0,0,0,0,0,0,0,0,0,0,0,0,0,0,0,0,0,0,4,0,4,4,0,0,0,0,0,0,0,0,0,0,0,0,0,0,0,0,0,0,0,4,0,0,0,0,4,0,0,0,0,0,0,0,0,0,0,0,0,0,0,0,0,0,0,0,0,4,0,0,0,0,0,0,0,0,4,0,0,0,0,4,0,0,0,0,0,0,0,0,0,0,0,0,0,0,0,0,0,0,4,0,0,0,0,0,0,0,0,0,0,0,4,0,0,0,0,0,0,0,4,4,4,0,0,0,0,0,4,0,0,4,0,4,0,0,4,0,0
"City of Orting",0,0,5,10,0,5,5,6,0,0,0,5,0,0,6,0,16,0,11,0,0,11,0,0,0,0,0,0,11,0,6,0,0,0,0,0,0,0,5,0,0,0,0,0,11,0,0,0,0,0,0,5,0,0,6,0,6,0,0,0,6,0,5,5,0,0,0,0,0,0,0,0,6,0,0,5,16,5,6,0,0,0,11,5,0,0,0,0,0,0,0,0,0,0,0,0,0,0,0,0,5,0,0,5,0,5,0,0,5,6,0,0,0,5,11,0,0,6,0,5,0,11,5,5,0,0,0,6,6,0,0,6,5,0,0,0,0,16,5,11,5,0,0,0,0,0,0,0,10,11,0,11,11,16,0,0,0,0,0,0,0,0
"City of Port Angeles",0,0,0,0,0,0,0,0,0,0,0,0,0,0,0,0,0,7,0,0,0,0,0,0,7,7,0,0,0,0,0,7,0,0,0,0,0,0,0,0,0,0,0,0,0,0,0,0,0,0,0,0,0,0,0,0,0,0,0,0,0,0,0,0,7,0,0,0,0,7,0,0,0,0,0,0,0,0,0,7,0,0,0,0,0,0,0,0,0,0,7,0,0,7,0,0,0,0,0,0,0,0,0,0,7,0,0,0,0,0,0,0,0,0,0,0,0,0,7,0,0,0,0,0,0,0,7,0,0,0,0,0,0,0,0,0,0,7,0,0,0,0,0,0,0,0,0,0,0,0,0,0,0,0,0,7,0,0,7,7,0,0
"City of Puyallup",0,0,0,3,0,3,0,3,0,0,0,0,0,0,3,0,6,0,6,0,0,3,0,0,0,0,0,0,6,0,3,0,0,0,0,0,0,0,3,0,0,0,0,0,3,0,0,0,0,0,0,3,0,0,3,0,3,0,0,0,3,0,0,3,0,0,0,0,0,0,0,0,3,0,0,3,6,0,3,0,0,0,3,0,0,0,0,0,0,0,0,0,0,0,0,0,0,0,0,0,0,0,0,0,0,0,0,0,3,3,0,0,0,0,3,0,0,3,0,0,0,3,0,0,0,0,0,3,3,0,0,3,3,0,0,0,0,6,0,3,0,0,0,0,0,0,0,0,3,3,0,3,3,6,0,0,0,0,0,0,0,0
"City of Redmond",4,0,0,0,0,0,0,0,0,4,0,5,0,0,4,0,0,0,0,9,0,9,0,0,0,0,5,0,2,4,0,0,0,4,0,3,0,0,0,0,0,0,0,0,0,0,0,0,0,0,4,4,5,0,2,0,0,0,0,0,4,0,0,9,6,0,0,0,0,0,0,0,2,0,0,0,3,0,0,0,0,0,0,0,0,3,0,2,0,0,0,4,0,0,0,0,0,0,0,0,2,0,0,4,0,0,0,0,0,0,0,0,0,0,0,0,0,0,0,0,0,0,0,0,0,0,0,0,0,0,0,0,0,0,0,0,0,6,5,0,0,0,0,0,0,0,0,0,0,0,0,0,4,4,0,0,0,0,0,0,0,0
"City of SeaTac",0,0,0,0,0,0,0,0,0,0,0,0,0,0,0,0,0,0,0,0,4,4,0,0,0,0,0,0,0,4,0,0,0,0,0,0,0,0,0,0,0,0,0,0,0,0,0,0,0,0,4,4,0,0,0,0,0,0,0,0,4,0,0,4,0,0,0,0,0,0,0,0,0,0,0,0,4,0,0,0,0,0,0,0,0,0,0,0,0,0,0,4,0,0,0,0,0,0,0,0,0,0,0,0,0,0,0,0,0,0,0,0,0,0,0,0,0,0,0,0,0,0,0,0,0,0,0,0,0,0,0,0,0,0,0,0,0,4,0,0,0,0,0,0,0,0,0,0,0,0,0,0,0,4,0,0,0,0,0,0,0,0
"City of Seattle",6,0,1,1,0,0,1,4,0,10,0,24,0,4,14,0,5,0,4,15,9,44,4,0,0,0,15,0,8,15,4,0,0,6,0,9,0,0,0,0,0,4,0,0,5,0,0,0,0,0,19,19,13,0,9,0,4,0,0,0,19,0,1,33,11,0,0,0,0,0,0,0,16,0,0,0,23,5,4,0,0,0,5,1,0,5,0,4,0,0,0,15,4,0,0,0,0,0,0,0,5,0,4,11,4,5,0,4,0,4,1,0,4,5,9,0,0,5,0,1,0,5,1,5,5,0,0,4,4,0,0,9,1,0,0,4,0,28,20,5,1,0,0,0,0,0,0,0,1,5,0,5,11,24,0,0,0,0,0,0,0,0
"City of Snohomish",0,0,0,0,0,0,0,0,0,3,0,3,0,3,3,0,0,0,0,0,0,3,3,0,0,0,0,0,0,0,0,0,0,0,0,0,0,0,0,0,0,3,0,0,0,0,0,0,0,0,3,3,0,0,0,0,0,0,0,0,0,0,0,3,0,0,0,0,0,0,0,0,3,0,0,0,0,0,0,0,0,0,0,0,0,0,0,0,0,0,0,0,0,0,0,0,0,0,0,0,0,0,3,3,3,3,0,3,0,0,0,0,3,0,3,0,0,0,0,0,0,0,0,3,0,0,0,0,0,0,0,0,0,0,0,0,0,3,3,0,0,0,0,0,0,0,0,0,0,0,0,0,0,3,0,0,0,0,0,0,0,0
"City of Tumwater",0,0,0,0,0,0,0,0,0,0,0,0,3,0,0,0,0,0,0,0,0,0,0,3,0,0,0,0,3,0,0,0,0,0,0,0,0,0,3,0,3,0,0,0,0,0,0,0,0,0,0,0,0,0,0,0,3,0,0,3,0,0,3,3,0,0,0,0,0,0,0,0,0,0,0,3,3,0,0,0,0,0,0,0,0,0,0,0,0,0,0,3,0,0,0,0,0,0,0,0,0,0,0,0,0,0,0,0,3,0,0,0,0,0,0,0,0,0,0,0,3,0,0,0,0,0,0,0,0,0,3,0,0,3,0,0,0,3,0,0,0,0,0,0,0,0,0,3,0,0,0,0,0,3,0,0,0,0,0,0,3,0
"Clallam Conservation District",0,0,0,0,0,0,0,0,0,0,0,0,0,0,0,0,0,4,0,0,0,0,0,0,6,6,0,0,2,0,0,4,0,0,0,0,0,0,0,2,2,0,0,0,0,2,2,2,0,0,0,0,0,0,0,0,0,0,0,2,0,0,0,2,6,0,0,2,0,4,2,0,0,0,0,0,0,0,2,4,0,0,0,0,0,0,0,0,0,0,4,0,0,4,0,0,0,0,0,0,0,0,0,0,4,0,2,0,0,0,0,0,0,0,0,0,0,0,4,0,0,0,0,0,0,0,4,0,0,0,0,0,0,0,0,0,0,6,2,0,0,0,0,0,0,0,0,2,0,0,0,0,0,2,0,6,0,0,4,4,0,0
"Clallam County",0,0,0,0,0,0,0,0,0,0,0,0,0,0,0,0,0,2,0,0,0,0,0,0,6,6,0,0,4,0,0,2,0,0,0,0,0,0,0,4,4,0,0,0,0,4,4,4,0,0,0,0,0,0,0,0,0,0,0,4,0,0,0,4,6,0,0,4,0,2,4,0,0,0,0,0,0,0,4,2,0,0,0,0,0,0,0,0,0,0,2,0,0,2,0,0,0,0,0,0,0,0,0,0,2,0,4,0,0,0,0,0,0,0,0,0,0,0,2,0,0,0,0,0,0,0,2,0,0,0,0,0,0,0,0,0,0,6,4,0,0,0,0,0,0,0,0,4,0,0,0,0,0,4,0,6,0,0,2,2,0,0
"Clallam County Streamkeepers",0,0,0,0,0,0,0,0,0,0,0,7,0,0,0,0,0,0,0,5,0,7,0,0,0,0,7,0,2,0,0,0,0,0,0,3,0,0,0,0,0,0,0,0,0,0,0,0,0,0,0,0,5,0,2,0,0,0,0,0,0,0,0,5,2,0,0,0,0,0,0,0,2,0,0,0,3,0,0,0,0,0,0,0,0,3,0,2,0,0,0,0,0,0,0,0,0,0,0,0,2,0,0,0,0,0,0,0,0,0,0,0,0,0,0,0,0,0,0,0,0,0,0,0,0,0,0,0,0,0,0,0,0,0,0,0,0,2,7,0,0,0,0,0,0,0,0,0,0,0,0,0,0,0,0,0,0,0,0,0,0,0
"Dumas & Associates, Inc.",0,0,0,0,0,0,0,0,7,0,0,0,0,0,0,0,0,0,0,0,0,0,0,0,0,0,0,13,0,0,0,0,0,0,0,0,0,0,0,0,0,0,0,0,0,0,0,0,0,0,0,0,0,7,6,7,0,0,0,0,0,0,0,13,7,7,0,0,0,0,0,0,0,0,13,0,0,0,0,0,0,0,0,0,0,0,0,7,0,0,0,0,0,0,6,6,6,6,0,13,0,0,0,0,0,0,0,0,0,0,0,0,0,6,13,0,0,0,0,6,0,0,0,0,0,0,0,0,0,6,0,0,0,0,0,0,7,13,6,0,7,0,7,0,0,0,0,0,0,6,0,0,0,13,6,0,0,7,0,0,0,0
"ENVIRON",0,5,0,1,5,1,0,2,0,0,5,1,5,0,2,0,3,0,3,1,0,3,0,5,5,5,1,0,28,7,4,0,0,0,0,0,0,7,6,7,17,0,0,0,2,5,5,7,0,0,0,8,8,0,12,0,9,2,0,17,2,0,5,26,6,7,7,5,0,0,7,0,10,0,0,11,13,0,16,0,0,0,2,0,7,0,0,1,0,0,0,5,0,0,0,0,0,0,0,7,1,2,0,7,0,0,5,0,11,2,0,0,0,0,2,0,5,7,0,2,5,2,0,0,0,0,0,2,2,0,7,4,1,5,0,0,0,28,20,7,0,0,0,0,0,0,0,10,1,9,0,2,2,27,0,5,0,0,0,2,12,0
"Environmental Coaliton of South Seattle",1,4,0,4,0,0,0,0,4,1,0,4,0,0,1,0,0,0,0,1,5,6,0,0,0,0,0,0,4,14,4,0,0,1,4,0,0,0,0,0,0,0,0,0,0,0,0,0,0,0,6,14,0,0,8,0,4,0,0,4,6,0,0,10,1,4,4,0,4,4,0,4,4,0,0,0,5,0,4,0,0,0,0,0,4,0,0,0,0,0,0,6,0,0,4,0,0,0,0,8,0,0,0,5,4,0,0,0,4,0,0,0,0,4,0,0,0,0,0,4,0,0,0,0,0,4,0,0,0,0,0,4,0,0,4,0,0,14,4,4,0,0,0,0,0,0,0,0,0,8,0,0,1,14,0,0,0,0,0,0,0,0
"Environmental Science Associates",0,7,0,7,0,3,0,7,8,0,0,7,0,0,7,0,7,0,7,0,0,7,0,0,0,0,0,0,11,7,23,0,0,0,10,3,1,4,0,4,4,0,0,0,7,0,0,5,1,1,0,7,4,0,21,0,18,4,3,11,7,0,0,4,1,0,1,0,7,9,4,7,7,3,0,0,7,0,11,0,3,1,7,0,0,3,1,0,0,0,2,0,3,3,7,0,0,0,0,7,0,4,0,0,9,0,0,0,7,7,0,0,0,7,7,0,0,7,3,14,0,7,0,0,0,7,0,7,7,0,4,18,0,0,10,0,1,20,4,14,1,1,1,0,3,0,0,0,0,14,0,7,7,18,0,0,0,1,0,5,4,1
"Feiro Marine Life Center",0,0,0,0,0,0,0,0,0,0,0,0,0,0,0,0,0,2,0,0,0,0,0,0,2,2,0,0,0,0,0,2,0,0,0,0,0,0,0,0,0,0,0,0,0,0,0,0,0,0,0,0,0,0,0,0,0,0,0,0,0,0,0,0,2,0,0,0,0,2,0,0,0,0,0,0,0,0,0,2,0,0,0,0,0,0,0,0,0,0,2,0,0,2,0,0,0,0,0,0,0,0,0,0,2,0,0,0,0,0,0,0,0,0,0,0,0,0,2,0,0,0,0,0,0,0,2,0,0,0,0,0,0,0,0,0,0,2,0,0,0,0,0,0,0,0,0,0,0,0,0,0,0,0,0,2,0,0,2,2,0,0
"Friends of Freeland",0,0,0,0,0,0,0,0,0,0,0,0,0,0,0,0,0,0,0,0,0,0,0,0,0,0,0,0,0,0,0,0,1,0,0,0,0,0,0,0,0,0,0,0,0,0,0,0,0,0,0,0,0,0,1,0,0,0,0,0,0,0,0,0,0,0,0,0,1,0,0,0,1,0,0,0,0,0,0,0,0,0,0,0,1,0,0,0,0,0,1,0,0,0,0,0,0,0,0,0,0,0,0,0,0,0,0,0,0,0,0,1,0,0,0,0,0,0,0,0,0,0,0,0,1,0,0,0,0,0,0,1,1,0,0,0,0,0,0,0,0,0,0,0,0,0,0,0,0,0,0,0,0,0,0,0,0,0,0,0,0,0
"Friends of North Creek Forest",1,0,0,0,0,0,0,0,0,1,0,0,0,0,1,0,0,0,0,1,0,1,0,0,0,0,0,0,0,1,0,0,0,1,0,0,0,0,0,0,0,0,0,0,0,0,0,0,0,0,1,1,0,0,0,0,0,0,0,0,1,0,0,1,1,0,0,0,0,0,0,0,0,0,0,0,0,0,0,0,0,0,0,0,0,0,0,0,0,0,0,1,0,0,0,0,0,0,0,0,0,0,0,1,0,0,0,0,0,0,0,0,0,0,0,0,0,0,0,0,0,0,0,0,0,0,0,0,0,0,0,0,0,0,0,0,0,1,0,0,0,0,0,0,0,0,0,0,0,0,0,0,1,1,0,0,0,0,0,0,0,0
"Friends of the San Juans",0,1,0,1,0,2,7,0,1,0,0,1,0,0,0,0,0,0,0,0,0,0,0,0,0,0,0,0,0,1,3,0,0,0,10,2,0,0,0,0,0,0,0,0,0,0,0,7,0,0,0,1,0,0,10,0,1,0,2,1,0,0,0,0,7,0,7,0,1,8,0,1,0,2,0,0,0,0,0,0,2,0,0,0,0,2,0,0,7,7,7,0,2,2,1,0,0,0,0,8,0,0,0,0,8,0,0,0,1,0,0,0,0,1,0,0,0,0,9,3,0,0,0,0,0,1,7,0,0,0,0,8,0,0,10,7,0,8,0,1,0,0,0,0,2,0,7,0,0,8,0,0,0,1,0,0,0,0,0,0,0,0
"Futurewise",0,0,0,0,0,6,0,0,0,0,0,11,0,0,0,0,0,0,0,5,0,11,0,0,0,0,5,0,0,0,6,0,0,0,6,22,0,0,0,0,0,0,0,0,0,0,0,0,0,0,0,0,11,0,6,0,0,0,6,0,0,0,0,11,0,0,0,0,0,0,0,0,6,6,0,0,11,6,0,0,6,0,0,0,0,11,0,0,0,0,0,0,12,6,0,0,0,0,0,0,0,0,0,0,0,0,0,0,0,0,0,0,0,6,0,0,0,0,6,6,0,0,0,0,11,0,0,0,0,0,0,6,0,0,6,6,0,5,5,0,0,0,0,0,6,0,0,0,0,0,0,0,0,0,0,0,0,0,0,0,0,5
"Goff Consulting",0,0,0,0,0,0,0,0,0,0,0,0,0,0,0,0,0,0,0,0,0,0,0,0,0,0,0,0,0,0,7,0,0,0,0,0,7,0,0,0,0,0,0,0,0,0,0,7,7,7,0,0,0,0,0,0,0,0,0,0,0,0,0,0,0,0,0,0,0,7,0,0,0,0,0,0,0,0,0,0,0,7,0,0,0,0,0,0,0,0,7,0,0,0,0,0,0,0,0,0,0,0,0,0,7,0,0,0,0,0,0,0,0,0,0,0,0,0,0,0,0,0,0,0,0,0,0,0,0,0,0,0,0,0,0,0,0,7,0,0,0,0,0,0,0,0,0,0,0,0,0,0,0,0,0,0,0,0,0,7,0,0
"Great Peninsula Conservancy",0,4,0,0,4,0,0,0,0,0,4,0,0,0,0,0,0,0,0,0,0,0,0,0,0,0,0,0,8,0,4,0,0,0,0,0,0,8,0,4,8,0,0,0,0,0,0,4,0,0,0,0,8,0,4,0,4,4,0,8,0,0,0,8,0,0,0,0,0,0,4,0,0,0,0,4,4,0,4,0,0,0,0,0,0,0,0,0,0,0,0,0,0,0,0,0,0,0,0,0,0,4,0,0,0,0,0,0,4,0,0,0,0,0,0,0,4,4,0,4,0,0,0,0,0,0,0,0,0,0,4,4,0,0,0,0,0,8,8,4,0,0,0,0,0,0,0,0,0,0,0,0,0,8,0,0,0,0,0,4,8,0
"Harbor Wildwatch",0,0,0,1,0,1,0,0,0,0,0,0,2,0,0,0,1,0,1,0,0,0,0,1,0,0,0,0,2,0,0,0,0,0,0,0,0,0,3,0,1,0,0,0,0,0,0,0,0,0,0,1,0,0,0,0,1,0,0,2,1,1,2,3,0,0,0,0,0,0,0,0,0,0,0,3,3,0,0,0,0,0,1,0,0,0,0,0,0,0,0,1,0,0,0,0,0,0,0,0,0,0,0,0,0,0,0,0,3,0,0,0,0,0,0,0,0,0,0,0,1,1,0,0,0,0,0,0,0,0,2,0,1,1,0,0,0,3,0,0,0,0,0,0,0,0,0,2,1,0,0,0,0,3,0,0,0,0,0,0,1,0
"HCCC",0,0,0,0,0,0,0,0,0,0,0,0,0,0,0,0,0,0,0,0,0,0,0,0,1,1,0,0,8,0,7,0,0,0,0,0,0,7,0,8,8,0,0,0,0,1,1,8,0,0,0,0,7,0,7,0,7,7,0,8,0,0,0,8,1,0,0,1,0,0,8,0,0,0,0,0,0,0,8,0,0,0,0,0,0,0,0,0,0,0,0,0,0,0,0,0,0,0,0,0,0,7,0,0,0,0,1,0,0,0,0,0,0,0,0,0,0,0,0,7,0,0,0,0,0,0,0,0,0,0,7,7,0,0,0,0,0,8,8,0,0,0,0,0,0,0,0,1,0,0,0,0,0,8,0,1,0,0,0,7,7,0
"Hood Canal Salmon Enhancement",0,2,0,0,2,0,0,0,0,0,2,0,2,0,0,0,0,0,0,0,0,0,0,2,2,2,0,0,8,0,2,0,0,0,0,0,0,4,2,4,8,0,0,0,0,2,2,4,0,0,0,0,4,0,2,0,4,2,0,8,0,0,2,8,2,0,0,2,0,0,4,0,0,0,0,4,4,0,4,0,0,0,0,0,0,0,0,0,0,0,0,2,0,0,0,0,0,0,0,0,0,2,0,0,0,0,2,0,4,0,0,0,0,0,0,0,2,2,0,2,2,0,0,0,0,0,0,0,0,0,4,2,0,2,0,0,0,8,6,2,0,0,0,0,0,0,0,4,0,0,0,0,0,8,0,2,0,0,0,2,6,0
"Island County",0,0,0,0,0,0,0,2,0,3,0,8,0,5,3,6,0,0,0,0,0,3,3,0,0,0,0,0,0,0,0,0,0,0,0,0,0,0,0,0,0,19,3,6,9,0,0,0,0,0,3,8,0,0,2,0,0,0,0,0,0,0,0,5,13,0,0,0,0,11,0,0,3,0,0,0,0,0,0,0,0,0,0,0,0,0,0,0,3,0,11,0,0,0,0,0,3,0,0,9,0,0,13,10,19,3,0,13,0,0,0,0,3,7,13,2,0,0,0,5,0,0,0,19,5,0,0,0,0,0,0,0,0,0,0,6,0,13,8,0,0,0,0,14,9,6,0,0,0,0,0,9,0,8,6,0,6,0,0,6,0,0
"Island County Water Resources Advisory Committee",0,0,0,0,0,0,0,0,0,0,0,0,0,0,0,0,0,0,0,0,0,0,0,0,0,0,0,0,0,0,0,0,0,0,0,0,0,0,0,0,0,1,1,0,1,0,0,0,0,0,0,0,0,0,0,0,0,0,0,0,0,0,0,0,0,0,0,0,0,0,0,0,0,0,0,0,0,0,0,0,0,0,0,0,0,0,0,0,1,0,0,0,0,0,0,0,1,0,0,1,0,0,1,0,1,0,0,1,0,0,0,0,0,0,1,0,0,0,0,1,0,0,0,1,0,0,0,0,0,0,0,0,0,0,0,0,0,1,1,0,0,0,0,1,1,0,0,0,0,0,0,1,0,1,0,0,0,0,0,0,0,0
"Island MRC",0,0,0,0,0,0,0,0,0,0,0,0,0,0,0,5,0,0,0,0,0,0,0,0,0,0,0,0,0,0,0,0,0,0,0,0,0,0,0,0,0,5,0,5,5,0,0,0,0,0,0,0,0,0,0,0,0,0,0,0,0,0,0,0,5,0,0,0,0,5,0,0,0,0,0,0,0,0,0,0,0,0,0,0,0,0,0,0,0,0,5,0,0,0,0,0,0,0,0,5,0,0,0,0,5,0,0,0,0,0,0,0,0,0,0,0,0,0,0,0,0,0,0,5,0,0,0,0,0,0,0,0,0,0,0,5,0,0,0,0,0,0,0,5,5,5,0,0,0,0,0,5,0,0,5,0,5,0,0,5,0,0
"Island Salmon Recovery Lead Entity",0,0,3,3,0,0,3,3,0,0,0,3,0,0,3,3,6,0,3,0,0,6,0,0,0,0,0,0,3,0,3,0,0,0,0,0,0,0,0,0,0,10,7,3,16,0,0,0,0,0,0,0,0,0,3,0,3,0,0,0,3,0,3,0,3,0,0,0,0,3,0,0,3,0,0,0,6,3,3,0,0,0,6,3,0,0,0,0,7,0,3,0,0,0,0,0,7,0,0,10,3,0,7,3,10,3,0,7,0,3,0,0,0,3,13,0,0,3,0,10,0,6,3,13,0,0,0,3,3,0,0,3,0,0,0,3,0,13,10,6,3,0,0,10,10,3,0,0,3,6,0,16,6,13,3,0,3,0,0,3,0,0
"Jamestown S'Klallam Tribe",0,0,0,0,0,0,0,0,0,0,0,0,0,0,0,0,0,0,0,0,0,0,0,0,4,4,0,0,4,0,0,0,0,0,0,0,0,0,0,4,4,0,0,0,0,4,4,4,0,0,0,0,0,0,0,0,0,0,0,4,0,0,0,4,4,0,0,4,0,0,4,0,0,0,0,0,0,0,4,0,0,0,0,0,0,0,0,0,0,0,0,0,0,0,0,0,0,0,0,0,0,0,0,0,0,0,4,0,0,0,0,0,0,0,0,0,0,0,0,0,0,0,0,0,0,0,0,0,0,0,0,0,0,0,0,0,0,4,4,0,0,0,0,0,0,0,0,4,0,0,0,0,0,4,0,4,0,0,0,0,0,0
"Jefferson Conservation District",0,0,0,0,0,0,0,0,0,0,0,0,0,0,0,0,0,0,0,0,0,0,0,0,1,1,0,0,1,0,0,0,0,0,0,0,0,0,0,1,1,0,0,0,0,1,1,1,0,0,0,0,0,0,0,0,0,0,0,1,0,0,0,1,1,0,0,1,0,0,1,0,0,0,0,0,0,0,1,0,0,0,0,0,0,0,0,0,0,0,0,0,0,0,0,0,0,0,0,0,0,0,0,0,0,0,1,0,0,0,0,0,0,0,0,0,0,0,0,0,0,0,0,0,0,0,0,0,0,0,0,0,0,0,0,0,0,1,1,0,0,0,0,0,0,0,0,1,0,0,0,0,0,1,0,1,0,0,0,0,0,0
"Jefferson County",0,0,0,0,0,0,6,0,0,0,0,0,0,0,0,0,0,0,0,0,0,0,0,0,6,6,0,0,12,0,16,0,0,0,4,0,10,6,0,12,12,0,0,0,0,6,6,28,10,10,0,0,6,0,12,0,6,6,0,12,0,0,0,12,10,0,4,6,0,14,12,0,0,0,0,0,0,0,12,0,0,10,0,0,0,0,0,0,6,6,14,0,0,0,0,0,2,0,0,6,0,6,0,0,14,0,8,0,0,0,0,0,0,0,2,0,0,0,4,6,0,0,0,0,0,0,4,0,0,0,6,10,0,0,6,4,0,28,12,0,0,0,0,0,0,0,4,6,0,6,2,0,0,14,0,6,0,0,0,16,6,0
"Jefferson CWDAC",0,0,0,0,0,0,0,0,0,0,0,0,0,0,0,0,0,0,0,0,0,0,0,0,0,0,0,0,0,0,5,0,0,0,0,0,5,0,0,0,0,0,0,0,0,0,0,5,5,5,0,0,0,0,0,0,0,0,0,0,0,0,0,0,0,0,0,0,0,5,0,0,0,0,0,0,0,0,0,0,0,5,0,0,0,0,0,0,0,0,5,0,0,0,0,0,0,0,0,0,0,0,0,0,5,0,0,0,0,0,0,0,0,0,0,0,0,0,0,0,0,0,0,0,0,0,0,0,0,0,0,0,0,0,0,0,0,5,0,0,0,0,0,0,0,0,0,0,0,0,0,0,0,0,0,0,0,0,0,5,0,0
"Jefferson MRC",0,0,0,0,0,0,0,0,0,0,0,0,0,0,0,0,0,0,0,0,0,0,0,0,0,0,0,0,0,0,6,0,0,0,0,0,6,0,0,0,0,0,0,0,0,0,0,6,6,6,0,0,0,0,0,0,0,0,0,0,0,0,0,0,0,0,0,0,0,6,0,0,0,0,0,0,0,0,0,0,0,6,0,0,0,0,0,0,0,0,6,0,0,0,0,0,0,0,0,0,0,0,0,0,6,0,0,0,0,0,0,0,0,0,0,0,0,0,0,0,0,0,0,0,0,0,0,0,0,0,0,0,0,0,0,0,0,6,0,0,0,0,0,0,0,0,0,0,0,0,0,0,0,0,0,0,0,0,0,6,0,0
"King Conservation District",5,0,0,0,0,0,0,0,0,12,0,7,0,7,12,0,0,0,0,5,5,17,7,0,0,0,0,0,0,10,0,0,0,5,0,0,0,0,0,0,0,7,0,0,0,0,0,0,0,0,17,17,0,0,0,0,0,0,0,0,10,0,0,17,5,0,0,0,0,0,0,0,7,0,0,0,5,0,0,0,0,0,0,0,0,0,0,0,0,0,0,10,0,0,0,0,0,0,0,0,0,0,7,12,7,7,0,7,0,0,0,0,7,0,7,0,0,0,0,0,0,0,0,7,0,0,0,0,0,0,0,0,0,0,0,0,0,17,7,0,0,0,0,0,0,0,0,0,0,0,0,0,5,17,0,0,0,0,0,0,0,0
"King County",14,3,0,9,0,6,0,0,3,21,0,11,0,7,21,0,6,0,6,14,9,30,7,0,0,0,0,0,7,27,3,0,0,14,3,0,0,0,6,0,0,8,0,0,0,0,0,0,0,0,30,41,0,0,4,0,3,0,0,3,23,0,0,37,15,1,1,0,3,4,0,3,8,0,0,6,15,0,1,0,0,0,0,0,1,0,0,0,0,0,1,23,0,0,3,0,0,0,0,4,0,0,8,23,11,7,0,8,9,0,0,0,7,4,8,0,0,0,0,3,0,0,0,8,1,3,0,0,0,0,0,3,6,0,3,0,0,41,8,3,0,0,0,1,0,0,0,0,6,4,0,0,14,40,0,0,0,0,0,0,0,0
"Kitsap County",0,8,0,0,8,0,0,0,0,0,8,4,0,0,0,0,0,0,0,2,0,4,0,0,0,0,2,0,11,0,2,0,0,0,0,3,0,10,0,2,10,0,0,0,0,0,0,2,0,0,0,0,14,0,3,0,2,2,0,10,0,0,0,14,1,0,0,0,0,0,2,0,3,0,0,8,11,2,2,0,0,0,0,0,0,1,0,1,0,0,0,0,2,0,0,0,0,0,0,0,1,2,0,0,0,0,0,0,8,0,0,0,0,2,0,0,8,8,0,2,0,0,0,0,2,0,0,0,0,0,2,4,0,0,0,2,0,11,12,8,0,0,0,0,0,0,0,0,0,0,0,0,0,10,0,0,0,0,0,2,10,0
"LakeWhatcom.org",0,0,0,0,0,0,0,0,5,0,0,0,0,0,0,0,0,0,0,0,0,0,0,0,0,0,0,5,0,0,0,0,0,0,0,0,0,0,0,0,0,0,0,0,0,0,0,0,0,0,0,0,0,5,0,5,0,0,0,0,0,0,0,5,5,5,0,0,0,0,0,0,0,0,5,0,0,0,0,0,0,0,0,0,0,0,0,5,0,0,0,0,0,0,0,0,0,0,0,5,0,0,0,0,0,0,0,0,0,0,0,0,0,0,5,0,0,0,0,0,0,0,0,0,0,0,0,0,0,0,0,0,0,0,0,0,5,5,0,0,5,0,5,0,0,0,0,0,0,0,0,0,0,5,0,0,0,5,0,0,0,0
"Long Live the Kings",0,1,0,1,0,4,6,10,1,0,0,7,0,2,8,0,8,0,8,6,0,17,0,0,0,0,6,3,25,3,22,0,1,0,8,4,0,9,0,9,9,2,0,0,8,0,0,15,0,0,0,3,15,0,45,0,18,9,4,10,8,0,0,25,14,2,5,0,2,4,9,1,17,4,3,0,8,0,19,0,4,0,8,0,3,4,0,6,6,6,4,0,4,4,4,3,6,3,0,12,6,9,2,4,6,0,3,2,1,8,3,1,0,6,16,2,0,11,7,19,0,8,0,2,4,1,3,8,8,3,9,25,4,0,11,3,0,37,22,9,0,0,0,0,4,0,3,0,0,20,3,8,8,28,3,0,0,0,0,9,9,0
"Lummi Tribe",0,0,0,0,0,0,0,0,4,0,0,0,0,0,0,0,0,0,0,0,0,0,0,0,0,0,0,4,0,0,0,0,0,0,0,0,0,0,0,0,0,0,0,0,0,0,0,0,0,0,0,0,0,4,0,4,0,0,0,0,0,0,0,4,4,4,0,0,0,0,0,0,0,0,4,0,0,0,0,0,0,0,0,0,0,0,0,4,0,0,0,0,0,0,0,0,0,0,0,4,0,0,0,0,0,0,0,0,0,0,0,0,0,0,4,0,0,0,0,0,0,0,0,0,0,0,0,0,0,0,0,0,0,0,0,0,4,4,0,0,4,0,4,0,0,0,0,0,0,0,0,0,0,4,0,0,0,4,0,0,0,0
"Mason Conservation District",0,3,0,3,0,0,0,3,3,0,0,3,6,0,3,0,3,0,3,0,0,3,0,6,0,0,0,0,15,3,12,0,0,0,3,0,0,6,6,6,12,0,0,0,3,0,0,6,0,0,0,3,6,0,12,0,18,6,0,15,3,0,6,12,0,0,0,0,3,3,6,3,3,0,0,6,9,0,9,0,0,0,3,0,0,0,0,0,0,0,0,6,0,0,3,0,0,0,0,3,0,6,0,0,3,0,0,0,9,3,0,0,0,3,3,0,0,3,0,9,6,3,0,0,0,3,0,3,3,0,12,12,0,6,3,0,0,18,6,6,0,0,0,0,0,0,0,6,0,6,0,3,3,18,0,0,0,0,0,6,12,0
"Mason County",0,0,0,0,0,0,0,0,0,0,0,0,0,0,0,0,0,0,0,0,0,0,0,0,0,0,0,0,2,0,2,0,0,0,0,0,0,2,0,2,2,0,0,0,0,0,0,2,0,0,0,0,2,0,2,0,2,2,0,2,0,0,0,2,0,0,0,0,0,0,2,0,0,0,0,0,0,0,2,0,0,0,0,0,0,0,0,0,0,0,0,0,0,0,0,0,0,0,0,0,0,2,0,0,0,0,0,0,0,0,0,0,0,0,0,0,0,0,0,2,0,0,0,0,0,0,0,0,0,0,2,2,0,0,0,0,0,2,2,0,0,0,0,0,0,0,0,0,0,0,0,0,0,2,0,0,0,0,0,2,2,0
"National Wildlife Federation",0,0,0,0,0,4,0,0,0,0,0,0,0,0,0,0,0,0,0,0,0,0,0,0,0,0,0,0,0,0,4,0,0,0,4,4,0,0,0,0,0,0,0,0,0,0,0,0,0,0,0,0,0,0,4,0,0,0,4,0,0,0,0,0,0,0,0,0,0,0,0,0,0,4,0,0,0,0,0,0,4,0,0,0,0,4,0,0,0,0,0,0,4,4,0,0,0,0,0,0,0,0,0,0,0,0,0,0,0,0,0,0,0,0,0,0,0,0,4,4,0,0,0,0,0,0,0,0,0,0,0,0,0,0,4,0,0,0,0,0,0,0,0,0,4,0,0,0,0,0,0,0,0,0,0,0,0,0,0,0,0,0
"Nisqually Land Trust",0,4,0,1,3,0,0,0,1,0,3,1,15,0,0,0,0,0,0,0,0,0,0,1,2,2,0,0,8,1,3,0,0,0,1,0,0,5,15,4,8,0,0,0,0,2,2,4,0,0,0,1,5,0,3,0,4,2,0,23,14,14,15,22,2,0,0,2,1,1,4,1,0,0,0,18,18,0,4,0,0,0,14,0,0,0,0,0,0,0,0,1,0,0,1,0,0,0,0,1,0,2,0,0,1,0,2,0,19,0,0,0,0,1,0,0,3,3,0,3,1,14,0,0,0,1,0,0,0,0,17,3,0,1,1,0,0,23,7,4,0,0,0,0,0,0,0,17,0,1,0,0,0,23,0,2,0,0,0,2,6,0
"Nisqually River Council",2,0,0,0,0,0,0,1,0,2,0,0,11,0,3,0,1,0,1,2,2,5,0,0,0,0,0,0,1,4,1,0,0,2,0,0,0,0,11,0,0,0,0,0,1,0,0,0,0,0,4,4,0,0,1,0,1,0,0,11,16,11,11,15,2,0,0,0,0,0,0,0,1,0,0,11,14,0,1,0,0,0,12,0,0,0,0,0,0,0,0,4,0,0,0,0,0,0,0,0,0,0,0,2,0,0,0,0,11,1,0,0,0,0,1,0,0,1,0,0,0,12,0,0,0,0,0,1,1,0,11,1,0,0,0,0,0,16,0,1,0,0,0,0,0,0,0,11,0,1,0,1,3,16,0,0,0,0,0,0,0,0
"Nisqually River Foundation",0,0,0,0,0,0,0,0,0,0,0,0,7,0,0,0,0,0,0,0,0,0,0,0,0,0,0,0,0,0,0,0,0,0,0,0,0,0,7,0,0,0,0,0,0,0,0,0,0,0,0,0,0,0,0,0,0,0,0,7,7,7,7,7,0,0,0,0,0,0,0,0,0,0,0,7,7,0,0,0,0,0,7,0,0,0,0,0,0,0,0,0,0,0,0,0,0,0,0,0,0,0,0,0,0,0,0,0,7,0,0,0,0,0,0,0,0,0,0,0,0,7,0,0,0,0,0,0,0,0,7,0,0,0,0,0,0,7,0,0,0,0,0,0,0,0,0,7,0,0,0,0,0,7,0,0,0,0,0,0,0,0
"Nisqually Tribe",0,0,3,3,0,0,3,0,0,0,0,3,17,0,0,0,3,0,0,0,0,3,0,6,0,0,0,0,6,0,0,0,0,0,0,0,0,0,17,0,6,0,0,0,3,0,0,0,0,0,0,0,0,0,0,0,6,0,0,17,11,11,20,17,0,0,0,0,0,0,0,0,0,0,0,17,20,3,0,0,0,0,14,3,0,0,0,0,0,0,0,6,0,0,0,0,0,0,0,0,3,0,0,3,0,3,0,0,17,0,0,0,0,3,3,0,0,0,0,3,6,14,3,3,0,0,0,0,0,0,17,0,0,6,0,0,0,20,3,3,3,0,0,0,0,0,0,17,3,3,0,3,3,20,0,0,0,0,0,0,6,0
"NMFS",2,2,0,2,2,2,0,2,2,4,2,17,4,4,4,0,2,0,2,10,2,23,2,2,2,2,8,4,19,6,2,0,0,2,0,8,0,4,6,4,8,4,0,0,0,2,2,4,0,0,6,10,19,2,17,2,4,2,0,10,6,2,4,48,17,4,2,2,0,0,4,5,23,0,4,8,18,7,6,0,0,0,2,0,2,1,0,9,0,0,0,6,7,0,2,2,2,2,0,6,7,2,4,8,4,2,2,4,8,0,2,0,2,11,8,2,2,4,0,6,2,2,0,4,9,5,0,5,5,2,6,11,4,2,0,7,2,33,22,2,2,0,2,0,0,0,0,6,2,4,0,0,2,31,2,2,0,2,0,2,6,0
"NOAA",1,0,0,0,0,0,1,1,2,1,0,3,0,1,1,1,0,1,0,3,0,5,0,0,2,2,2,1,3,1,1,1,0,1,1,0,0,0,0,1,1,3,0,1,1,1,1,2,0,0,1,2,2,1,6,1,0,0,0,1,1,0,0,8,13,1,2,1,0,5,1,0,2,0,1,0,0,0,1,1,0,0,0,0,0,0,1,3,1,1,5,1,0,1,0,0,0,0,0,3,2,0,2,3,6,0,1,2,0,0,2,0,0,2,3,1,0,2,2,1,0,0,0,3,3,0,2,0,0,0,0,3,2,0,1,2,2,10,4,0,2,1,2,2,1,1,1,1,0,1,0,1,1,4,1,2,1,2,1,2,0,1
"Nooksack Salmon Enhancement Association",0,0,0,0,0,0,0,0,7,0,0,0,0,0,0,0,0,0,0,0,0,0,0,0,0,0,0,7,1,1,0,0,0,0,0,0,0,0,0,0,0,0,0,0,0,0,0,0,0,0,0,1,0,7,1,7,0,0,0,0,0,0,0,8,7,8,1,0,0,0,0,0,1,0,7,0,0,0,1,0,0,0,0,0,1,0,0,7,0,0,0,0,0,0,0,0,0,0,0,8,0,0,0,1,0,0,0,0,0,0,0,0,0,0,7,0,0,0,0,0,0,0,0,0,0,0,0,0,0,0,0,0,0,0,0,0,7,8,1,0,7,0,7,0,0,0,0,0,0,1,0,0,0,8,0,0,0,7,0,0,0,0
"Nooksack Tribe",0,0,0,0,0,0,2,0,5,0,0,0,0,0,0,0,0,0,0,0,0,0,0,0,0,0,0,0,6,6,5,0,0,0,2,0,0,0,0,0,0,0,0,0,0,0,0,2,0,0,0,6,0,0,8,0,0,0,0,0,0,0,0,6,7,6,13,0,0,7,0,0,6,0,0,0,0,0,6,0,0,0,0,0,6,0,5,0,2,2,7,0,0,0,0,0,0,0,0,8,0,0,0,6,7,0,0,0,0,0,0,0,0,0,0,0,0,0,2,0,0,0,0,0,0,0,2,0,0,0,0,2,0,0,2,2,5,13,6,0,5,5,5,0,0,0,2,0,0,8,0,0,0,6,0,0,0,5,0,0,0,5
"North Olympic Land Trust",0,0,0,0,0,0,0,0,0,0,0,0,0,0,0,0,0,0,0,0,0,0,0,0,3,3,0,0,3,0,0,0,0,0,0,0,0,0,0,3,3,0,0,0,0,3,3,3,0,0,0,0,0,0,0,0,0,0,0,3,0,0,0,3,3,0,0,3,0,0,3,0,0,0,0,0,0,0,3,0,0,0,0,0,0,0,0,0,0,0,0,0,0,0,0,0,0,0,0,0,0,0,0,0,0,0,3,0,0,0,0,0,0,0,0,0,0,0,0,0,0,0,0,0,0,0,0,0,0,0,0,0,0,0,0,0,0,3,3,0,0,0,0,0,0,0,0,3,0,0,0,0,0,3,0,3,0,0,0,0,0,0
"Northern Economics",0,1,0,1,0,0,0,0,1,0,0,1,0,0,0,0,0,0,0,0,0,0,0,0,0,0,0,0,0,1,1,0,4,0,1,0,0,0,0,0,0,0,0,0,0,0,0,0,0,0,0,1,0,0,5,0,1,0,0,1,0,0,0,0,0,0,0,0,5,1,0,1,4,0,0,0,0,0,0,0,0,0,0,0,4,0,0,0,0,0,4,0,0,0,1,0,0,0,0,1,0,0,0,0,1,0,0,0,1,0,0,4,0,1,0,0,0,0,0,1,0,0,0,0,4,1,0,0,0,0,0,5,4,0,1,0,0,1,0,1,0,0,0,0,0,0,0,0,0,1,0,0,0,1,0,0,0,0,0,0,0,0
"Northwest Straits Commission",0,3,0,3,0,0,8,0,11,0,0,11,0,0,0,8,0,8,0,0,0,0,0,0,8,8,0,0,0,3,19,8,0,0,11,0,8,0,0,0,0,16,0,8,8,0,0,16,8,8,0,11,0,0,11,0,3,0,0,3,0,0,0,0,40,0,16,0,3,59,0,3,0,0,8,0,0,0,0,8,0,8,0,0,0,0,8,0,8,8,56,0,0,8,11,8,0,8,8,27,0,0,8,8,59,0,0,8,3,0,0,0,0,19,8,0,0,0,16,3,0,0,0,16,8,3,16,0,0,0,0,11,0,0,19,16,8,51,0,3,8,8,8,16,8,8,8,0,0,11,0,8,0,3,8,8,8,8,8,24,0,8
"NOSC",0,0,0,0,0,0,0,0,0,0,0,0,0,0,0,0,0,0,0,0,0,0,0,0,7,7,0,0,10,0,3,0,0,0,0,0,0,3,0,10,10,0,0,0,0,7,7,10,0,0,0,0,3,0,3,0,3,3,0,10,0,0,0,10,7,0,0,7,0,0,10,0,0,0,0,0,0,0,10,0,0,0,0,0,0,0,0,0,0,0,0,0,0,0,0,0,0,0,0,0,0,3,0,0,0,0,7,0,0,0,0,0,0,0,0,0,0,0,0,3,0,0,0,0,0,0,0,0,0,0,3,3,0,0,0,0,0,10,10,0,0,0,0,0,0,0,0,7,0,0,0,0,0,10,0,7,0,0,0,3,3,0
"NWFSC",0,2,0,2,0,0,0,0,2,0,0,2,0,0,0,0,0,0,0,0,0,0,0,0,0,0,0,0,0,2,2,0,0,0,2,0,0,0,0,0,0,0,0,0,0,0,0,0,0,0,0,2,0,0,2,0,2,0,0,2,0,0,0,4,0,0,0,0,2,2,0,6,4,0,0,0,0,0,0,0,0,0,0,0,0,0,0,0,0,0,0,0,0,0,2,0,0,0,0,2,0,0,0,0,2,0,0,0,2,0,0,0,0,2,0,0,0,0,0,2,0,0,0,0,0,6,0,4,4,0,0,2,0,0,2,0,0,2,0,2,0,0,0,0,0,0,0,0,0,2,0,0,0,6,0,0,0,0,0,0,0,0
"NWIFC",0,0,0,0,0,0,0,3,0,5,0,19,0,5,8,0,3,0,3,7,0,22,5,0,0,0,7,0,17,7,3,0,5,0,0,7,0,0,0,0,0,5,0,0,3,0,0,0,0,0,5,12,14,0,22,0,3,0,0,0,3,0,0,31,7,7,7,0,5,0,0,5,39,0,0,0,10,7,10,0,0,0,3,0,12,0,0,7,0,0,5,0,7,0,0,0,0,0,0,7,7,0,5,12,5,5,0,5,0,3,0,5,5,7,8,0,0,3,0,0,0,3,0,5,12,5,0,8,8,0,0,15,5,0,0,7,0,22,19,3,0,0,0,0,0,0,0,0,0,10,0,3,3,20,0,0,0,0,0,0,0,0
"OrcaNet",0,0,0,0,0,1,0,0,0,0,0,0,0,0,0,0,0,0,0,0,0,0,0,0,0,0,0,0,0,0,1,0,0,0,1,1,0,0,0,0,0,0,0,0,0,0,0,0,0,0,0,0,0,0,1,0,0,0,1,0,0,0,0,0,0,0,0,0,0,0,0,0,0,1,0,0,0,0,0,0,1,0,0,0,0,1,0,0,0,0,0,0,1,1,0,0,0,0,0,0,0,0,0,0,0,0,0,0,0,0,0,0,0,0,0,0,0,0,1,1,0,0,0,0,0,0,0,0,0,0,0,0,0,0,1,0,0,0,0,0,0,0,0,0,1,0,0,0,0,0,0,0,0,0,0,0,0,0,0,0,0,0
"Padilla Bay National Estuarine Research Reserve",0,0,0,0,0,0,0,0,2,0,0,0,0,0,0,0,0,0,0,0,0,0,0,0,0,0,0,4,0,0,0,0,0,0,0,0,0,0,0,0,0,0,0,0,0,0,0,0,0,0,0,0,0,2,2,2,0,0,0,0,0,0,0,4,2,2,0,0,0,2,0,0,0,0,6,0,0,0,0,0,0,0,0,0,0,0,0,2,0,0,2,0,0,0,4,4,2,4,2,6,0,0,0,0,2,0,0,0,0,0,0,0,0,4,4,0,0,0,0,2,0,0,0,0,0,0,0,0,0,2,0,0,0,0,2,0,2,6,2,0,2,0,2,0,0,0,0,0,0,2,0,0,0,4,2,0,0,2,0,0,0,0
"Pierce Conservation District",0,1,0,7,1,7,0,0,0,0,1,0,7,0,0,0,7,0,7,0,0,0,0,1,0,0,0,0,9,0,0,0,0,0,0,0,0,1,14,0,2,0,0,0,0,0,0,0,0,0,0,7,1,0,0,0,1,0,0,8,6,6,7,15,0,0,0,0,0,0,0,0,0,0,0,15,15,0,0,0,0,0,6,0,0,0,0,0,0,0,0,1,0,0,0,0,0,0,0,0,0,0,0,0,0,0,0,0,15,0,0,0,0,0,0,0,1,1,0,0,1,6,0,0,0,0,0,0,0,0,7,0,7,1,0,0,0,15,1,1,0,0,0,0,0,0,0,7,7,0,0,0,0,15,0,0,0,0,0,0,2,0
"Pierce County",0,12,9,32,12,23,9,11,0,0,12,17,17,0,11,0,43,0,34,5,3,31,0,6,0,0,5,0,52,3,11,0,0,0,0,8,0,12,40,0,18,0,0,0,20,0,0,0,0,0,3,26,20,0,11,0,17,0,0,29,25,11,26,63,0,0,0,0,0,0,0,0,14,0,0,52,83,12,11,0,0,0,31,9,0,5,0,0,0,0,0,9,3,0,0,0,0,0,0,0,9,0,0,9,0,9,0,0,52,11,0,0,0,12,20,0,12,23,0,9,6,31,9,9,3,0,0,11,11,0,17,14,23,6,0,3,0,75,26,32,9,0,0,0,0,0,0,17,32,20,0,20,20,75,0,0,0,0,0,0,18,0
"PNNL",0,0,5,5,0,0,5,0,0,0,0,10,0,0,0,0,5,0,0,0,0,10,0,0,0,0,0,0,0,0,0,0,0,0,0,5,0,0,0,0,0,0,0,0,5,0,0,0,0,0,0,0,5,0,0,0,0,0,0,0,0,0,5,5,0,0,0,0,0,0,0,0,5,0,0,0,10,15,0,0,0,0,5,5,0,0,0,0,0,0,0,0,5,0,0,0,0,0,0,0,5,0,0,5,0,5,0,0,0,0,0,0,0,10,5,0,0,0,0,5,0,5,5,5,10,0,0,0,0,0,0,10,0,0,0,5,0,5,5,5,5,0,0,0,0,0,0,0,5,5,0,5,5,5,0,0,0,0,0,0,0,0
"Point No Point Treaty Council",0,0,0,0,0,0,0,8,0,0,0,0,0,0,8,0,8,0,8,0,0,8,0,0,5,5,0,0,22,1,16,0,0,0,0,0,0,8,0,13,13,0,0,0,8,5,5,13,0,0,0,1,8,0,17,0,16,8,0,13,8,0,0,14,5,1,1,5,0,0,13,0,9,0,0,0,8,0,22,0,0,0,8,0,1,0,0,0,0,0,0,0,0,0,0,0,0,0,0,1,0,8,0,1,0,0,5,0,0,8,0,0,0,0,8,0,0,8,0,8,0,8,0,0,0,0,0,8,8,0,8,16,0,0,0,0,0,22,14,8,0,0,0,0,0,0,0,5,0,9,0,8,8,22,0,5,0,0,0,8,8,0
"Port of Port Angeles",0,0,0,0,0,0,0,0,0,0,0,0,0,0,0,0,0,1,0,0,0,0,0,0,1,1,0,0,0,0,0,1,0,0,0,0,0,0,0,0,0,0,0,0,0,0,0,0,0,0,0,0,0,0,0,0,0,0,0,0,0,0,0,0,1,0,0,0,0,1,0,0,0,0,0,0,0,0,0,1,0,0,0,0,0,0,0,0,0,0,1,0,0,1,0,0,0,0,0,0,0,0,0,0,1,0,0,0,0,0,0,0,0,0,0,0,0,0,1,0,0,0,0,0,0,0,1,0,0,0,0,0,0,0,0,0,0,1,0,0,0,0,0,0,0,0,0,0,0,0,0,0,0,0,0,1,0,0,1,1,0,0
"Port of Tacoma",0,0,0,0,0,4,0,0,0,0,0,0,0,0,0,0,0,0,0,0,0,0,0,0,0,0,0,0,0,0,4,0,0,0,4,4,0,0,0,0,0,0,0,0,0,0,0,0,0,0,0,0,0,0,4,0,0,0,4,0,0,0,0,0,0,0,0,0,0,0,0,0,0,4,0,0,0,0,0,0,4,0,0,0,0,4,0,0,0,0,0,0,4,4,0,0,0,0,0,0,0,0,0,0,0,0,0,0,0,0,0,0,0,0,0,0,0,0,4,4,0,0,0,0,0,0,0,0,0,0,0,0,0,0,4,0,0,0,0,0,0,0,0,0,4,0,0,0,0,0,0,0,0,0,0,0,0,0,0,0,0,0
"Port Townsend Marine Science Center",0,0,0,0,0,0,0,0,0,0,0,0,0,0,0,0,0,0,0,0,0,0,0,0,0,0,0,0,0,0,6,0,0,0,0,0,6,0,0,0,0,0,0,0,0,0,0,6,6,6,0,0,0,0,0,0,0,0,0,0,0,0,0,0,0,0,0,0,0,6,0,0,0,0,0,0,0,0,0,0,0,6,0,0,0,0,0,0,0,0,6,0,0,0,0,0,0,0,0,0,0,0,0,0,6,0,0,0,0,0,0,0,0,0,0,0,0,0,0,0,0,0,0,0,0,0,0,0,0,0,0,0,0,0,0,0,0,6,0,0,0,0,0,0,0,0,0,0,0,0,0,0,0,0,0,0,0,0,0,6,0,0
"PSP",0,0,7,7,0,0,7,7,0,0,0,7,4,0,7,0,14,0,7,0,0,14,0,0,0,0,0,0,7,0,7,0,0,0,0,0,0,0,4,0,0,0,0,0,14,0,0,0,0,0,0,0,0,0,7,0,7,0,0,4,11,4,11,4,0,0,0,0,0,0,0,0,7,0,0,4,18,7,7,0,0,0,18,7,0,0,0,0,0,0,0,0,0,0,0,0,0,0,0,0,7,0,0,7,0,7,0,0,4,7,0,0,0,7,14,0,0,7,0,7,0,18,7,7,0,0,0,7,7,0,4,7,0,0,0,0,0,18,7,14,7,0,0,0,0,0,0,4,7,14,0,14,14,18,0,0,0,0,0,0,0,0
"PSP Leadership Council",0,0,1,1,0,0,1,0,0,0,0,1,0,0,0,0,1,0,0,0,0,1,0,0,0,0,0,0,0,0,0,0,0,0,0,0,0,0,0,0,0,0,0,0,1,0,0,0,0,0,0,0,0,0,0,0,0,0,0,0,0,0,1,0,0,0,0,0,0,0,0,0,0,0,0,0,1,1,0,0,0,0,1,1,0,0,0,0,0,0,0,0,0,0,0,0,0,0,0,0,1,0,0,1,0,1,0,0,0,0,0,0,0,1,1,0,0,0,0,1,0,1,1,1,0,0,0,0,0,0,0,0,0,0,0,0,0,1,1,1,1,0,0,0,0,0,0,0,1,1,0,1,1,1,0,0,0,0,0,0,0,0
"Puget Sound Institute",0,0,0,0,0,0,0,0,0,0,0,0,0,0,0,0,0,0,0,0,0,0,0,0,0,0,0,0,4,4,0,0,7,0,0,0,0,0,0,0,0,0,0,0,0,0,0,0,0,0,0,4,0,0,11,0,0,0,0,0,0,0,0,4,0,4,4,0,7,0,0,0,11,0,0,0,0,0,4,0,0,0,0,0,11,0,0,0,0,0,7,0,0,0,0,0,0,0,0,4,0,0,0,4,0,0,0,0,0,0,0,7,0,0,0,0,0,0,0,0,0,0,0,0,7,0,0,0,0,0,0,7,7,0,0,0,0,4,4,0,0,0,0,0,0,0,0,0,0,4,0,0,0,4,0,0,0,0,0,0,0,0
"Puget Soundkeeper Alliance ",0,0,0,0,0,7,0,0,0,0,0,6,0,0,0,0,0,0,0,6,0,6,0,0,0,0,6,0,0,0,7,0,0,0,7,13,0,0,0,0,0,0,0,0,0,0,0,0,0,0,0,0,6,0,7,0,0,0,7,0,0,0,0,6,0,0,0,0,0,0,0,0,0,7,0,0,6,0,0,0,7,0,0,0,0,13,0,0,0,0,0,0,7,7,0,0,0,0,0,0,0,0,0,0,0,0,0,0,0,0,0,0,0,0,0,0,0,0,7,7,0,0,0,0,0,0,0,0,0,0,0,0,0,0,7,0,0,0,6,0,0,0,0,0,7,0,0,0,0,0,0,0,0,0,0,0,0,0,0,0,0,0
"RE Sources",0,0,0,0,0,0,0,0,7,0,0,0,0,0,0,0,0,0,0,0,0,0,0,0,0,0,0,0,0,0,7,0,0,0,0,0,0,0,0,0,0,0,0,0,0,0,0,0,0,0,0,0,0,0,0,0,0,0,0,0,0,0,0,0,7,0,7,0,0,7,0,0,0,0,0,0,0,0,0,0,0,0,0,0,0,0,7,0,0,0,7,0,0,0,0,0,0,0,0,0,0,0,0,0,7,0,0,0,0,0,0,0,0,0,0,0,0,0,0,0,0,0,0,0,0,0,0,0,0,0,0,0,0,0,0,0,7,7,0,0,7,7,7,0,0,0,0,0,0,0,0,0,0,0,0,0,0,7,0,0,0,7
"Salmon Recovery Funding Board",0,0,0,0,0,0,0,0,3,0,0,3,0,0,0,0,0,0,0,3,0,3,0,0,0,0,3,3,3,0,0,0,0,0,0,0,0,0,0,0,0,0,0,0,0,0,0,0,0,0,0,0,3,3,3,3,0,0,0,0,0,0,0,6,6,3,0,0,0,0,0,0,3,0,3,0,0,0,0,0,0,0,0,0,0,0,0,6,0,0,0,0,0,0,0,0,0,0,0,3,3,0,0,0,0,0,0,0,0,0,0,0,0,0,3,0,0,0,0,0,0,0,0,0,0,0,0,0,0,0,0,0,0,0,0,0,3,6,3,0,3,0,3,0,0,0,0,0,0,0,0,0,0,3,0,0,0,3,0,0,0,0
"San Juan County",0,0,0,0,0,0,20,0,0,0,0,0,0,0,0,0,0,0,0,0,0,0,0,0,0,0,0,0,0,0,0,0,0,0,14,0,0,0,0,0,0,7,7,0,7,0,0,20,0,0,0,0,0,0,20,0,0,0,0,0,0,0,0,0,14,0,14,0,0,14,0,0,0,0,0,0,0,0,0,0,0,0,0,0,0,0,0,0,27,20,14,0,0,0,0,0,13,0,0,27,0,0,7,0,21,0,6,7,0,0,0,0,0,0,13,0,0,0,14,7,0,0,0,7,0,0,14,0,0,0,0,14,0,0,20,14,0,27,7,0,0,0,0,7,7,0,14,0,0,20,6,7,0,13,0,0,0,0,0,0,0,0
"San Juan MRC",0,0,0,0,0,0,31,0,0,0,0,0,0,0,0,0,0,0,0,0,0,0,0,0,0,0,0,0,0,0,0,0,0,0,22,0,0,0,0,0,0,0,0,0,0,0,0,31,0,0,0,0,0,0,31,0,0,0,0,0,0,0,0,0,22,0,22,0,0,22,0,0,0,0,0,0,0,0,0,0,0,0,0,0,0,0,0,0,31,31,22,0,0,0,0,0,9,0,0,31,0,0,0,0,22,0,9,0,0,0,0,0,0,0,9,0,0,0,22,0,0,0,0,0,0,0,22,0,0,0,0,22,0,0,31,22,0,31,0,0,0,0,0,0,0,0,22,0,0,31,9,0,0,9,0,0,0,0,0,0,0,0
"SeaDoc Society",0,0,0,0,0,0,8,0,1,0,0,1,0,0,0,1,0,1,0,0,0,0,0,0,1,1,0,0,0,0,2,1,2,0,8,0,1,0,0,0,0,2,0,1,1,0,0,9,1,1,0,1,0,0,10,0,0,0,0,0,0,0,0,0,12,0,9,0,2,14,0,0,2,0,1,0,0,0,0,1,0,1,0,0,2,0,1,0,8,8,16,0,0,1,1,1,0,1,1,10,0,0,1,1,14,0,0,1,0,0,0,2,0,2,1,0,0,0,9,0,0,0,0,2,3,0,9,0,0,0,0,10,2,0,9,9,1,13,0,0,1,1,1,2,1,1,8,0,0,8,0,1,0,0,1,1,1,1,1,3,0,1
"Seattle Aquarium",1,0,0,0,0,0,0,0,0,1,0,0,1,0,1,0,0,0,0,1,1,2,0,1,0,0,0,0,1,2,0,0,0,1,0,0,0,0,1,0,1,0,0,0,0,0,0,0,0,0,2,2,0,0,0,0,1,0,0,1,2,0,1,3,1,0,0,0,0,0,0,0,0,0,0,1,2,0,0,0,0,0,0,0,0,0,0,0,0,0,0,3,0,0,0,0,0,0,0,0,0,0,0,1,0,0,0,0,1,0,0,0,0,0,0,0,0,0,0,0,1,0,0,0,0,0,0,0,0,0,1,0,0,1,0,0,0,3,0,0,0,0,0,0,0,0,0,1,0,0,0,0,1,3,0,0,0,0,0,0,1,0
"Seattle Audubon",0,0,0,0,0,5,0,0,0,0,0,3,0,0,0,0,0,0,0,0,0,3,0,0,0,0,0,0,0,0,5,0,0,0,5,8,0,0,0,0,0,0,0,0,0,0,0,0,0,0,0,0,3,0,5,0,0,0,5,0,0,0,0,3,0,0,0,0,0,0,0,0,3,5,0,0,3,3,0,0,5,0,0,0,0,5,0,0,0,0,0,0,15,5,0,0,0,0,0,0,0,0,0,0,0,0,0,0,0,0,0,0,0,3,0,0,0,0,5,5,0,0,0,0,3,0,0,0,0,0,0,3,0,0,5,3,0,0,0,0,0,0,0,0,5,0,0,0,0,0,0,0,0,0,0,0,0,0,0,0,0,0
"Sierra Club",0,0,0,0,0,4,0,0,0,0,0,0,0,0,0,0,0,1,0,0,0,0,0,0,1,1,0,0,0,0,4,1,0,0,4,4,0,0,0,0,0,0,0,0,0,0,0,0,0,0,0,0,0,0,4,0,0,0,4,0,0,0,0,0,1,0,0,0,0,1,0,0,0,4,0,0,0,0,0,1,4,0,0,0,0,4,0,0,0,0,1,0,4,5,0,0,0,0,0,0,0,0,0,0,1,0,0,0,0,0,0,0,0,0,0,0,0,0,5,4,0,0,0,0,0,0,1,0,0,0,0,0,0,0,4,0,0,1,0,0,0,0,0,0,4,0,0,0,0,0,0,0,0,0,0,1,0,0,1,1,0,0
"Skagit Conservation District",0,2,0,2,0,0,0,0,2,0,0,2,0,0,0,0,0,0,0,0,0,0,0,0,0,0,0,9,0,2,2,0,0,0,2,0,0,0,0,0,0,0,0,0,0,0,0,0,0,0,0,2,0,0,11,0,2,0,0,2,0,0,0,9,0,0,0,0,2,9,0,2,0,0,16,0,0,0,0,0,0,0,0,0,0,0,0,0,0,0,7,0,0,0,18,16,9,16,7,18,0,0,0,0,9,0,0,0,2,0,0,0,0,18,9,0,0,0,0,11,0,0,0,0,0,2,0,0,0,9,0,2,0,0,9,0,0,18,9,2,0,0,0,0,0,0,0,0,0,11,0,0,0,11,9,0,0,0,0,0,0,0
"Skagit County",0,0,0,0,0,0,0,0,0,0,0,0,0,0,0,0,0,0,0,0,0,0,0,0,0,0,0,6,0,0,0,0,0,0,0,0,0,0,0,0,0,0,0,0,0,0,0,0,0,0,0,0,0,0,6,0,0,0,0,0,0,0,0,6,0,0,0,0,0,5,0,0,0,0,11,0,0,0,0,0,0,0,0,0,0,0,0,0,0,0,5,0,0,0,11,11,6,11,5,11,0,0,0,0,5,0,0,0,0,0,0,0,0,11,6,0,0,0,0,6,0,0,0,0,0,0,0,0,0,6,0,0,0,0,5,0,0,11,6,0,0,0,0,0,0,0,0,0,0,6,0,0,0,6,6,0,0,0,0,0,0,0
"Skagit Fisheries Enhancement",0,0,0,0,0,0,2,0,0,0,0,0,0,0,0,0,0,0,0,0,0,0,0,0,0,0,0,7,0,0,0,0,0,0,0,0,0,0,0,0,0,3,3,0,3,0,0,2,0,0,0,0,0,0,9,0,0,0,0,0,0,0,0,7,0,0,0,0,0,0,0,0,0,0,7,0,0,0,0,0,0,0,0,0,0,0,0,0,5,2,0,0,0,0,7,7,12,7,0,12,0,0,3,0,3,0,2,3,0,0,0,0,0,7,12,0,0,0,0,10,0,0,0,3,0,0,0,0,0,7,0,0,0,0,2,0,0,12,10,0,0,0,0,3,3,0,0,0,0,9,2,3,0,12,7,0,0,0,0,0,0,0
"Skagit Land Trust",0,0,0,0,0,0,0,0,0,0,0,0,0,0,0,0,0,0,0,0,0,0,0,0,0,0,0,3,0,0,0,0,0,0,0,0,0,0,0,0,0,0,0,0,0,0,0,0,0,0,0,0,0,0,3,0,0,0,0,0,0,0,0,3,0,0,0,0,0,5,0,0,0,0,8,0,0,0,0,0,0,0,0,0,0,0,0,0,0,0,5,0,0,0,8,8,3,8,5,8,0,0,0,0,5,0,0,0,0,0,0,0,0,8,3,0,0,0,0,3,0,0,0,0,0,0,0,0,0,3,0,0,0,0,5,0,0,8,3,0,0,0,0,0,0,0,0,0,0,3,0,0,0,3,3,0,0,0,0,0,0,0
"Skagit MRC",0,0,0,0,0,0,0,0,0,0,0,0,0,0,0,0,0,0,0,0,0,0,0,0,0,0,0,0,0,0,0,0,0,0,0,0,0,0,0,0,0,0,0,0,0,0,0,0,0,0,0,0,0,0,0,0,0,0,0,0,0,0,0,0,0,0,0,0,0,19,0,0,0,0,19,0,0,0,0,0,0,0,0,0,0,0,0,0,0,0,19,0,0,0,19,19,0,19,19,19,0,0,0,0,19,0,0,0,0,0,0,0,0,19,0,0,0,0,0,0,0,0,0,0,0,0,0,0,0,0,0,0,0,0,19,0,0,19,0,0,0,0,0,0,0,0,0,0,0,0,0,0,0,0,0,0,0,0,0,0,0,0
"Skagit River System Cooperative",0,2,0,2,0,0,4,0,3,0,0,2,0,0,0,2,0,0,0,0,0,0,0,0,0,0,0,3,7,9,2,0,0,0,4,0,0,0,0,0,0,4,2,2,4,0,0,4,0,0,0,9,0,1,15,1,2,0,0,2,0,0,0,10,5,8,9,0,2,8,0,2,7,0,5,0,0,0,7,0,0,0,0,0,7,0,0,1,6,4,6,0,0,0,6,4,6,4,2,22,0,0,2,7,10,0,2,2,2,0,0,0,0,6,7,0,0,0,2,6,0,0,0,4,0,2,2,0,0,2,0,4,0,0,8,4,1,20,11,2,1,0,1,4,4,2,2,0,0,15,2,4,0,16,4,0,2,1,0,2,0,0
"Skagit Tribe",0,0,2,2,0,0,2,0,0,0,0,4,0,0,0,0,2,0,0,2,0,4,0,0,0,0,2,0,2,0,0,0,0,0,0,0,0,0,0,0,0,0,0,0,2,0,0,0,0,0,0,0,2,0,2,0,0,0,0,0,0,0,2,2,2,0,0,0,0,0,0,0,2,0,0,0,2,2,0,0,0,0,2,2,0,0,0,2,0,0,0,0,0,0,0,0,0,0,0,0,4,0,0,2,0,2,0,0,0,0,0,0,0,2,2,0,0,0,0,2,0,2,2,2,0,0,0,0,0,0,0,0,0,0,0,0,0,4,4,2,2,0,0,0,0,0,0,0,2,2,0,2,2,2,0,0,0,0,0,0,0,0
"Skokomish Tribe",0,0,0,0,0,0,0,0,0,0,0,0,0,0,0,0,0,0,0,0,0,0,0,0,0,0,0,0,7,0,7,0,0,0,0,0,0,7,0,7,7,0,0,0,0,0,0,7,0,0,0,0,7,0,7,0,7,7,0,7,0,0,0,7,0,0,0,0,0,0,7,0,0,0,0,0,0,0,7,0,0,0,0,0,0,0,0,0,0,0,0,0,0,0,0,0,0,0,0,0,0,7,0,0,0,0,0,0,0,0,0,0,0,0,0,0,0,0,0,7,0,0,0,0,0,0,0,0,0,0,7,7,0,0,0,0,0,7,7,0,0,0,0,0,0,0,0,0,0,0,0,0,0,7,0,0,0,0,0,7,7,0
"Snohomish Conservation District",0,0,0,0,0,0,0,11,0,7,0,9,0,18,7,0,0,0,0,0,0,7,7,0,0,0,0,0,0,0,0,0,0,0,0,0,0,0,0,0,0,22,2,0,2,0,0,0,0,0,7,9,0,0,11,0,0,0,0,0,0,0,0,18,13,0,0,0,0,2,0,0,7,0,0,0,0,0,0,0,0,0,0,0,0,0,0,0,2,0,2,0,0,0,0,0,2,0,0,2,0,0,22,20,22,7,0,22,0,0,0,0,7,13,22,11,0,0,0,13,0,0,0,22,2,0,0,0,0,0,0,0,0,0,0,0,0,22,20,0,0,0,0,4,2,0,0,0,0,0,0,2,0,20,0,0,0,0,0,0,0,0
"Snohomish County",5,0,8,8,0,0,8,18,0,13,0,24,0,26,13,0,8,0,0,5,0,21,8,0,0,0,0,0,4,9,0,0,0,5,0,0,0,0,0,0,0,34,0,0,8,0,0,0,0,0,13,25,0,0,22,0,0,0,0,0,5,0,8,35,31,4,4,0,0,8,0,0,12,0,0,0,8,8,4,0,0,0,8,8,4,0,0,0,0,0,8,5,0,0,0,0,0,0,0,4,8,0,34,51,34,16,0,34,0,0,0,0,8,34,42,18,0,0,0,26,0,8,8,42,8,0,0,0,0,0,0,0,0,0,0,0,0,51,38,8,8,0,0,8,0,0,0,0,8,12,0,8,13,43,0,0,0,0,0,0,0,0
"Snohomish MRC",0,5,0,5,0,0,4,7,6,7,0,33,0,14,7,6,0,2,0,0,0,7,7,0,2,2,0,0,0,5,8,2,0,0,9,0,2,0,0,0,0,43,2,6,8,0,0,6,2,2,7,33,0,0,16,0,5,0,0,5,0,0,0,14,41,0,5,0,5,42,0,5,7,0,1,0,0,0,0,2,0,2,0,0,0,0,1,0,6,4,37,0,0,2,6,1,2,1,1,18,0,0,37,35,58,7,0,37,5,0,0,0,7,34,37,7,0,0,6,14,0,0,0,43,21,5,6,0,0,0,0,9,0,0,10,10,1,52,16,5,1,1,1,29,8,6,4,0,0,9,0,8,0,21,6,2,6,1,2,10,0,1
"Snoqualmie Watershed Forum",0,0,1,1,0,0,1,0,0,5,0,6,0,5,5,0,1,0,0,0,0,6,5,0,0,0,0,0,0,0,0,0,0,0,0,0,0,0,0,0,0,5,0,0,1,0,0,0,0,0,5,5,0,0,0,0,0,0,0,0,0,0,1,5,0,0,0,0,0,0,0,0,5,0,0,0,1,1,0,0,0,0,1,1,0,0,0,0,0,0,0,0,0,0,0,0,0,0,0,0,1,0,5,6,5,6,0,5,0,0,0,0,5,1,6,0,0,0,0,1,0,1,1,6,0,0,0,0,0,0,0,0,0,0,0,0,0,6,6,1,1,0,0,0,0,0,0,0,1,1,0,1,1,6,0,0,0,0,0,0,0,0
"Sound Experience",0,0,0,0,0,0,1,0,0,0,0,0,0,0,0,0,0,0,0,0,0,0,0,0,1,1,0,0,1,0,0,0,0,0,0,0,0,0,0,1,1,0,0,0,0,1,1,2,0,0,0,0,0,0,1,0,0,0,0,1,0,0,0,1,1,0,0,1,0,0,1,0,0,0,0,0,0,0,1,0,0,0,0,0,0,0,0,0,1,1,0,0,0,0,0,0,1,0,0,1,0,0,0,0,0,0,2,0,0,0,0,0,0,0,1,0,0,0,0,0,0,0,0,0,0,0,0,0,0,0,0,0,0,0,1,0,0,2,1,0,0,0,0,0,0,0,0,1,0,1,1,0,0,2,0,1,0,0,0,0,0,0
"Sound Salmon Solutions",0,0,0,0,0,0,0,7,0,7,0,12,0,14,7,0,0,0,0,0,0,7,7,0,0,0,0,0,0,0,0,0,0,0,0,0,0,0,0,0,0,22,3,0,3,0,0,0,0,0,7,12,0,0,7,0,0,0,0,0,0,0,0,14,12,0,0,0,0,5,0,0,7,0,0,0,0,0,0,0,0,0,0,0,0,0,0,0,3,0,5,0,0,0,0,0,3,0,0,3,0,0,22,19,22,7,0,22,0,0,0,0,7,12,22,7,0,0,0,10,0,0,0,22,5,0,0,0,0,0,0,0,0,0,0,0,0,22,17,0,0,0,0,8,3,0,0,0,0,0,0,3,0,17,0,0,0,0,0,0,0,0
"South Puget Sound Salmon Enhancement",0,3,0,3,1,1,0,0,2,0,1,2,13,0,0,0,1,0,1,0,0,0,0,7,0,0,0,0,9,2,2,0,0,0,2,0,0,1,14,0,8,0,0,0,0,0,0,0,0,0,0,3,1,0,2,0,9,0,0,16,6,6,13,15,0,0,0,0,2,2,0,2,0,0,0,15,15,0,0,0,0,0,6,0,0,0,0,0,0,0,0,7,0,0,2,0,0,0,0,2,0,0,0,0,2,0,0,0,17,0,0,0,0,2,0,0,1,1,0,2,7,6,0,0,0,2,0,0,0,0,13,2,1,7,2,0,0,17,1,3,0,0,0,0,0,0,0,13,1,2,0,0,0,17,0,0,0,0,0,0,8,0
"South Sound LIO",0,0,0,0,0,0,0,3,0,0,0,0,0,0,3,0,3,0,3,0,0,3,0,0,0,0,0,0,3,0,3,0,0,0,0,0,0,0,0,0,0,0,0,0,3,0,0,0,0,0,0,0,0,0,3,0,3,0,0,0,3,0,0,0,0,0,0,0,0,0,0,0,3,0,0,0,3,0,3,0,0,0,3,0,0,0,0,0,0,0,0,0,0,0,0,0,0,0,0,0,0,0,0,0,0,0,0,0,0,3,0,0,0,0,3,0,0,3,0,0,0,3,0,0,0,0,0,3,3,0,0,3,0,0,0,0,0,3,0,3,0,0,0,0,0,0,0,0,0,3,0,3,3,3,0,0,0,0,0,0,0,0
"Southwest Fisheries Science Center",0,0,0,0,0,0,0,0,0,0,0,0,0,0,0,0,0,0,0,0,0,4,0,0,0,0,0,0,0,0,0,0,0,0,0,0,0,0,0,0,0,0,0,0,0,0,0,0,0,0,0,0,0,0,4,0,0,0,0,0,0,0,0,4,4,0,0,0,0,0,0,0,0,0,0,0,0,0,0,0,0,0,0,0,0,0,0,0,0,0,0,0,0,0,0,0,0,0,0,0,0,0,0,0,0,0,0,0,0,0,4,0,0,0,0,0,0,4,0,0,0,0,0,0,4,0,0,0,0,0,0,4,4,0,0,0,0,0,0,0,0,0,0,0,0,0,0,0,0,0,0,0,0,0,0,0,0,0,0,0,0,0
"Stanford",0,0,0,0,0,0,0,0,0,0,0,0,0,0,0,0,0,0,0,0,0,0,0,0,0,0,0,0,0,0,0,0,6,0,0,0,0,0,0,0,0,0,0,0,0,0,0,0,0,0,0,0,0,0,6,0,0,0,0,0,0,0,0,0,0,0,0,0,6,0,0,0,6,0,0,0,0,0,0,0,0,0,0,0,6,0,0,0,0,0,6,0,0,0,0,0,0,0,0,0,0,0,0,0,0,0,0,0,0,0,0,6,0,0,0,0,0,0,0,0,0,0,0,0,6,0,0,0,0,0,0,6,6,0,0,0,0,0,0,0,0,0,0,0,0,0,0,0,0,0,0,0,0,0,0,0,0,0,0,0,0,0
"Stewardship Partners",0,0,0,0,0,0,0,0,0,2,0,2,0,2,2,0,0,0,0,0,0,2,2,0,0,0,0,0,0,0,0,0,0,0,0,0,0,0,0,0,0,2,0,0,0,0,0,0,0,0,2,2,0,0,0,0,0,0,0,0,0,0,0,2,0,0,0,0,0,0,0,0,2,0,0,0,0,0,0,0,0,0,0,0,0,0,0,0,0,0,0,0,0,0,0,0,0,0,0,0,0,0,2,2,2,2,0,2,0,0,0,0,2,0,2,0,0,0,0,0,0,0,0,2,0,0,0,0,0,0,0,0,0,0,0,0,0,2,2,0,0,0,0,0,0,0,0,0,0,0,0,0,0,2,0,0,0,0,0,0,0,0
"Stillaguamish Clean Water District",0,2,6,8,0,0,6,18,2,0,0,30,0,18,0,0,6,0,0,0,0,8,0,0,0,0,0,5,0,2,2,0,0,0,2,2,0,0,0,0,0,38,0,0,6,0,0,0,0,0,0,22,2,0,25,0,2,0,0,2,0,0,6,25,38,0,0,0,2,36,0,2,2,0,19,0,8,8,0,0,0,0,6,6,0,0,0,0,0,0,34,0,2,0,21,19,5,19,14,21,6,0,38,44,54,6,0,38,2,0,0,0,0,67,49,18,0,0,0,31,0,6,6,44,22,2,0,0,0,5,0,4,0,0,16,2,0,65,29,8,6,0,0,20,0,0,0,0,6,13,0,6,6,31,5,0,0,0,0,0,0,0
"Stillaguamish Tribe",0,0,5,5,0,0,7,29,7,4,0,12,0,29,8,0,9,0,4,0,0,13,4,0,0,0,0,10,4,0,4,0,0,0,0,0,0,0,0,0,0,34,2,0,11,0,0,2,0,0,4,7,0,7,34,7,4,0,0,0,4,0,5,39,35,7,0,0,0,3,0,0,8,0,10,0,9,5,4,0,0,0,9,5,0,0,0,7,4,2,3,0,0,0,3,3,7,3,0,14,5,0,34,37,34,9,2,34,0,4,0,0,4,36,55,25,0,4,0,35,0,9,5,39,3,0,0,4,4,3,0,4,0,0,2,0,7,55,39,9,12,0,7,5,2,0,0,0,5,14,2,11,9,52,3,0,0,7,0,0,0,0
"Stillaguamish Watershed Council",0,0,0,0,0,0,0,4,0,0,0,0,0,4,0,0,0,0,0,0,0,0,0,0,0,0,0,0,0,0,0,0,0,0,0,0,0,0,0,0,0,4,0,0,0,0,0,0,0,0,0,0,0,0,4,0,0,0,0,0,0,0,0,4,4,0,0,0,0,0,0,0,0,0,0,0,0,0,0,0,0,0,0,0,0,0,0,0,0,0,0,0,0,0,0,0,0,0,0,0,0,0,4,4,4,0,0,4,0,0,0,0,0,4,4,4,0,0,0,4,0,0,0,4,0,0,0,0,0,0,0,0,0,0,0,0,0,4,4,0,0,0,0,0,0,0,0,0,0,0,0,0,0,4,0,0,0,0,0,0,0,0
"Stillwaters Environmental Education Center",0,5,0,0,5,0,0,0,0,0,5,0,0,0,0,0,0,0,0,0,0,0,0,0,0,0,0,0,5,0,0,0,0,0,0,0,0,5,0,0,5,0,0,0,0,0,0,0,0,0,0,0,5,0,0,0,0,0,0,5,0,0,0,5,0,0,0,0,0,0,0,0,0,0,0,5,5,0,0,0,0,0,0,0,0,0,0,0,0,0,0,0,0,0,0,0,0,0,0,0,0,0,0,0,0,0,0,0,5,0,0,0,0,0,0,0,5,5,0,0,0,0,0,0,0,0,0,0,0,0,0,0,0,0,0,0,0,5,5,5,0,0,0,0,0,0,0,0,0,0,0,0,0,5,0,0,0,0,0,0,5,0
"Suquamish Tribe",0,7,0,0,7,0,0,6,0,0,7,0,0,0,6,0,6,0,6,0,0,12,0,0,0,0,0,0,13,0,6,0,0,0,0,0,0,7,0,0,7,0,0,0,6,0,0,0,0,0,0,0,7,0,12,0,6,0,0,7,6,0,0,13,6,0,0,0,0,0,0,0,6,0,0,7,13,0,6,0,0,0,6,0,0,0,0,0,0,0,0,0,0,0,0,0,0,0,0,0,0,0,0,0,0,0,0,0,7,6,6,0,0,0,6,0,7,19,0,0,0,6,0,0,6,0,0,6,6,0,0,12,6,0,0,0,0,13,7,13,0,0,0,0,0,0,0,0,0,6,0,6,6,13,0,0,0,0,0,0,7,0
"Surfrider Foundation",0,0,0,0,0,6,2,0,0,0,0,0,0,0,0,0,0,1,0,0,0,0,0,0,1,1,0,0,0,0,6,1,0,0,8,6,0,0,0,0,0,0,0,0,0,0,0,2,0,0,0,0,0,0,8,0,0,0,6,0,0,0,0,0,3,0,2,0,0,3,0,0,0,6,0,0,0,0,0,1,6,0,0,0,0,6,0,0,2,2,3,0,6,7,0,0,0,0,0,2,0,0,0,0,3,0,0,0,0,0,0,0,0,0,0,0,0,0,9,6,0,0,0,0,0,0,3,0,0,0,0,2,0,0,8,2,0,3,0,0,0,0,0,0,6,0,2,0,0,2,0,0,0,0,0,1,0,0,1,1,0,0
"The Nature Conservancy",0,8,1,9,0,3,1,1,8,0,0,9,0,1,0,0,1,0,0,0,0,1,0,0,0,0,0,6,6,8,17,0,0,0,11,3,0,6,0,6,6,2,1,0,2,0,0,6,0,0,0,8,6,0,24,0,14,6,3,14,0,0,1,13,1,0,0,0,8,8,6,8,0,3,6,0,1,1,6,0,3,0,1,1,0,3,0,0,1,0,0,0,3,3,14,6,7,6,0,15,1,6,2,2,10,1,0,2,8,0,0,0,0,16,9,1,0,0,3,26,0,1,1,3,0,8,0,0,0,6,6,14,0,0,11,0,0,23,15,9,1,0,0,1,4,0,0,0,1,15,0,2,1,23,6,0,0,0,0,6,6,0
"Thurston Conservation District",0,0,0,0,0,0,0,0,0,0,0,0,3,0,0,0,0,0,0,0,0,0,0,3,0,0,0,0,3,0,0,0,0,0,0,0,0,0,3,0,3,0,0,0,0,0,0,0,0,0,0,0,0,0,0,0,3,0,0,3,0,0,3,3,0,0,0,0,0,0,0,0,0,0,0,3,3,0,0,0,0,0,0,0,0,0,0,0,0,0,0,3,0,0,0,0,0,0,0,0,0,0,0,0,0,0,0,0,3,0,0,0,0,0,0,0,0,0,0,0,3,0,0,0,0,0,0,0,0,0,3,0,0,3,0,0,0,3,0,0,0,0,0,0,0,0,0,3,0,0,0,0,0,3,0,0,0,0,0,0,3,0
"Thurston County",0,0,1,1,0,0,1,3,0,0,0,1,1,0,3,0,4,0,3,0,0,4,0,0,0,0,0,0,3,0,3,0,0,0,0,0,0,0,1,0,0,0,0,0,4,0,0,0,0,0,0,0,0,0,3,0,3,0,0,1,4,1,2,1,0,0,0,0,0,0,0,0,3,0,0,1,5,1,3,0,0,0,5,1,0,0,0,0,0,0,0,0,0,0,0,0,0,0,0,0,1,0,0,1,0,1,0,0,1,3,0,0,0,1,4,0,0,3,0,1,0,5,1,1,0,0,0,3,3,0,1,3,0,0,0,0,0,5,1,4,1,0,0,0,0,0,0,1,1,4,0,4,4,5,0,0,0,0,0,0,0,0
"Trout Unlimited",0,0,4,4,0,0,4,0,0,0,0,4,0,0,0,0,4,0,0,0,0,4,0,0,0,0,0,0,0,0,0,0,0,0,0,0,0,0,0,0,0,0,0,0,4,0,0,0,0,0,0,0,0,0,0,0,0,0,0,0,0,0,4,0,0,0,0,0,0,0,0,0,0,0,0,0,4,4,0,0,0,0,4,4,0,0,0,0,0,0,0,0,0,0,0,0,0,0,0,0,4,0,0,4,0,4,0,0,0,0,0,0,0,4,4,0,0,0,0,4,0,4,4,4,0,0,0,0,0,0,0,0,0,0,0,0,0,4,4,4,4,0,0,0,0,0,0,0,4,4,0,4,4,4,0,0,0,0,0,0,0,0
"Tulalip Tribe",0,0,1,1,0,0,1,1,0,6,0,10,0,7,6,1,1,0,0,0,0,7,6,0,0,0,0,0,0,0,0,0,0,0,0,0,0,0,0,0,0,12,1,1,3,0,0,0,0,0,6,9,0,0,1,0,0,0,0,0,0,0,1,7,5,0,0,0,0,4,0,0,6,0,0,0,1,1,0,0,0,0,1,1,0,0,0,0,1,0,4,0,0,0,0,0,1,0,0,2,1,0,11,11,12,7,0,11,0,0,0,0,6,5,12,1,0,0,0,3,0,1,1,13,3,0,0,0,0,0,0,0,0,0,0,1,0,12,9,1,1,0,0,5,2,1,0,0,1,1,0,3,1,9,1,0,1,0,0,1,0,0
"US Navy",0,0,0,0,0,0,0,0,0,0,0,8,0,0,0,0,0,0,0,0,0,10,0,0,0,0,0,0,0,0,0,0,3,0,0,11,0,0,0,0,0,1,0,0,0,0,0,0,0,0,0,1,7,0,6,0,0,0,0,0,0,0,0,10,4,0,0,0,3,1,0,0,10,0,0,0,7,10,0,0,0,0,0,0,3,0,0,0,0,0,4,0,7,0,0,0,0,0,0,0,0,0,1,1,1,0,0,1,0,0,3,3,0,8,1,0,0,3,0,0,0,0,0,1,21,0,0,0,0,0,0,16,6,0,0,7,0,5,0,0,0,0,0,1,0,0,0,0,0,0,0,0,0,0,0,0,0,0,0,0,0,4
"USACOE",0,2,0,2,0,0,0,0,2,0,0,2,0,0,0,0,0,0,0,0,0,0,0,0,0,0,0,0,0,2,2,0,0,0,2,0,0,0,0,0,0,0,0,0,0,0,0,0,0,0,0,2,0,0,2,0,2,0,0,2,0,0,0,5,0,0,0,0,2,2,0,7,5,0,0,0,0,0,0,0,0,0,0,0,0,0,0,0,0,0,0,0,0,0,2,0,0,0,0,2,0,0,0,0,2,0,0,0,2,0,0,0,0,2,0,0,0,0,0,2,0,0,0,0,0,7,0,5,5,0,0,2,0,0,2,0,0,2,0,2,0,0,0,0,0,0,0,0,0,2,0,0,0,7,0,0,0,0,0,0,0,0
"USCG",0,0,0,0,0,0,2,0,0,0,0,0,0,0,0,0,0,5,0,0,0,0,0,0,5,5,0,0,0,0,0,5,0,0,2,0,0,0,0,0,0,0,0,0,0,0,0,2,0,0,0,0,0,0,2,0,0,0,0,0,0,0,0,0,7,0,2,0,0,7,0,0,0,0,0,0,0,0,0,5,0,0,0,0,0,0,0,0,2,2,7,0,0,5,0,0,0,0,0,2,0,0,0,0,7,0,0,0,0,0,0,0,0,0,0,0,0,0,7,0,0,0,0,0,0,0,7,0,0,0,0,2,0,0,2,2,0,7,0,0,0,0,0,0,0,0,2,0,0,2,0,0,0,0,0,5,0,0,5,5,0,0
"USDA",0,0,0,0,0,0,0,7,0,0,0,0,0,0,7,0,7,0,7,0,0,7,0,0,0,0,0,0,7,0,7,0,0,0,0,0,0,0,0,0,0,0,0,0,7,0,0,0,0,0,0,0,0,0,7,0,7,0,0,0,7,0,0,7,0,0,0,0,0,0,0,7,14,0,0,0,7,0,7,0,0,0,7,0,0,0,0,0,0,0,0,0,0,0,0,0,0,0,0,0,0,0,0,0,0,0,0,0,0,7,0,0,0,0,7,0,0,7,0,0,0,7,0,0,0,7,0,14,14,0,0,7,0,0,0,0,0,7,0,7,0,0,0,0,0,0,0,0,0,7,0,7,7,14,0,0,0,0,0,0,0,0
"USEPA",0,0,0,0,0,0,0,3,0,0,0,0,0,0,3,0,3,0,3,0,0,3,0,0,0,0,0,0,3,0,3,0,0,0,0,0,0,0,0,0,0,0,0,0,3,0,0,0,0,0,0,0,0,0,3,0,3,0,0,0,3,0,0,6,0,0,0,0,0,0,0,6,9,0,0,0,3,0,3,0,0,0,3,0,0,0,0,0,0,0,0,0,0,0,0,0,0,0,0,0,0,0,0,0,0,0,0,0,0,3,0,0,0,0,3,0,0,3,0,0,0,3,0,0,0,6,0,9,9,0,0,3,0,0,0,0,0,3,0,3,0,0,0,0,0,0,0,0,0,3,0,3,3,9,0,0,0,0,0,0,0,0
"USFS",0,0,0,0,0,0,0,0,0,0,0,0,0,0,0,0,0,0,0,0,0,0,0,0,0,0,0,7,0,0,0,0,0,0,0,0,0,0,0,0,0,0,0,0,0,0,0,0,0,0,0,0,0,0,7,0,0,0,0,0,0,0,0,7,0,0,0,0,0,0,0,0,0,0,7,0,0,0,0,0,0,0,0,0,0,0,0,0,0,0,0,0,0,0,7,7,7,7,0,7,0,0,0,0,0,0,0,0,0,0,0,0,0,7,7,0,0,0,0,7,0,0,0,0,0,0,0,0,0,7,0,0,0,0,0,0,0,7,7,0,0,0,0,0,0,0,0,0,0,7,0,0,0,7,7,0,0,0,0,0,0,0
"USFWS",0,0,0,0,0,0,0,0,0,0,0,0,9,0,0,0,0,0,0,0,0,0,0,2,0,0,0,0,4,0,2,0,0,0,0,0,0,2,9,2,4,0,0,0,0,0,0,2,0,0,0,0,2,0,2,0,4,2,0,11,7,7,9,11,0,0,0,0,0,0,2,0,0,0,0,9,9,0,2,0,0,0,7,0,0,0,0,0,0,0,0,2,0,0,0,0,0,0,0,0,0,2,0,0,0,0,0,0,9,0,0,0,0,0,0,0,0,0,0,2,2,7,0,0,0,0,0,0,0,0,11,2,0,2,0,0,0,11,2,0,0,0,0,0,0,0,0,9,0,0,0,0,0,11,0,0,0,0,0,2,4,0
"UW",0,6,0,6,0,0,4,4,6,0,0,10,0,0,4,0,4,0,4,0,0,14,0,0,0,0,0,0,7,6,13,0,11,0,10,4,0,3,0,3,3,0,0,0,4,0,0,7,0,0,0,6,7,0,34,0,13,3,0,9,4,0,0,13,10,0,4,0,17,10,3,6,19,0,0,0,8,8,7,0,0,0,4,0,11,0,0,0,4,4,15,0,4,0,6,0,0,0,0,10,0,3,0,0,10,0,0,0,6,4,6,11,0,10,4,0,0,10,4,9,0,4,0,0,25,6,4,4,4,0,3,42,17,0,10,8,0,17,3,10,0,0,0,0,0,0,4,0,0,14,0,4,4,13,0,0,0,0,0,3,3,0
"UW Tacoma",0,0,0,7,0,7,0,0,0,0,0,0,0,0,0,0,7,0,7,0,0,7,0,0,0,0,0,0,7,0,0,0,3,0,0,0,0,0,7,0,0,0,0,0,0,0,0,0,0,0,0,7,0,0,10,0,0,0,0,0,0,0,0,14,7,0,0,0,3,0,0,0,3,0,0,7,7,0,0,0,0,0,0,0,3,0,0,0,0,0,3,0,0,0,0,0,0,0,0,0,0,0,0,0,0,0,0,0,7,0,7,3,0,0,0,0,0,7,0,0,0,0,0,0,10,0,0,0,0,0,0,10,17,0,0,0,0,7,0,0,0,0,0,0,0,0,0,0,7,0,0,0,0,7,0,0,0,0,0,0,0,0
"Vashon Beach Naturalists",0,0,0,0,0,0,0,0,0,0,0,0,1,0,0,0,0,0,0,0,0,0,0,1,0,0,0,0,1,0,0,0,0,0,0,0,0,0,1,0,1,0,0,0,0,0,0,0,0,0,0,0,0,0,0,0,1,0,0,1,0,0,1,1,0,0,0,0,0,0,0,0,0,0,0,1,1,0,0,0,0,0,0,0,0,0,0,0,0,0,0,1,0,0,0,0,0,0,0,0,0,0,0,0,0,0,0,0,1,0,0,0,0,0,0,0,0,0,0,0,1,0,0,0,0,0,0,0,0,0,1,0,0,1,0,0,0,1,0,0,0,0,0,0,0,0,0,1,0,0,0,0,0,1,0,0,0,0,0,0,1,0
"Washington Environmental Council",0,3,0,3,0,4,5,0,3,0,0,3,0,0,0,0,0,0,0,0,0,0,0,0,0,0,0,0,0,3,7,0,0,0,9,4,0,0,0,0,0,0,0,0,0,0,0,5,0,0,0,3,0,0,12,0,3,0,4,3,0,0,0,0,2,0,2,0,3,12,0,3,0,4,7,0,0,0,0,0,4,0,0,0,0,4,0,0,5,5,9,0,4,4,10,7,3,7,7,15,0,0,0,0,12,0,3,0,3,0,0,0,0,10,3,0,0,0,6,7,0,0,0,0,0,3,2,0,0,0,0,5,0,0,19,2,0,15,0,3,0,0,0,0,4,0,2,0,0,8,3,0,0,6,0,0,0,0,0,0,0,0
"Washington Sea Grant",0,0,0,0,0,0,1,0,0,0,0,4,0,0,0,1,0,0,0,0,0,4,0,0,0,0,0,0,0,0,0,0,0,0,1,4,0,0,0,0,0,1,0,1,1,0,0,1,0,0,0,0,4,0,1,0,0,0,0,0,0,0,0,4,2,0,1,0,0,2,0,0,4,0,0,0,4,4,0,0,0,0,0,0,0,0,0,0,1,1,2,0,4,0,0,0,0,0,0,2,0,0,0,0,2,0,0,0,0,0,0,0,0,4,0,0,0,0,1,0,0,0,0,1,4,0,1,0,0,0,0,5,0,0,1,6,0,1,0,0,0,0,0,1,1,1,1,0,0,1,0,1,0,0,1,0,1,0,0,1,0,0
"Washington Trollers Association",0,0,0,0,0,0,0,0,12,0,0,0,0,0,0,0,0,0,0,0,0,0,0,0,0,0,0,7,0,0,5,0,0,0,0,0,0,0,0,0,0,0,0,0,0,0,0,0,0,0,0,0,0,7,0,7,0,0,0,0,0,0,0,7,12,7,5,0,0,5,0,0,0,0,7,0,0,0,0,0,0,0,0,0,0,0,5,7,0,0,5,0,0,0,0,0,0,0,0,7,0,0,0,0,5,0,0,0,0,0,0,0,0,0,7,0,0,0,0,0,0,0,0,0,0,0,0,0,0,0,0,0,0,0,0,0,12,12,0,0,12,5,12,0,0,0,0,0,0,0,0,0,0,7,0,0,0,12,0,0,0,5
"WDFW",10,18,13,47,2,18,27,25,27,25,2,50,13,26,39,0,45,3,32,12,10,64,15,3,7,7,2,25,59,47,40,3,0,10,18,3,3,7,31,9,14,40,10,0,37,4,4,26,3,3,35,84,9,9,89,9,38,5,0,40,44,10,26,126,47,20,15,4,16,32,9,16,42,0,27,33,70,13,34,3,0,3,37,13,11,0,2,11,24,14,16,23,0,3,34,18,38,18,2,78,15,5,40,64,68,28,16,40,49,14,0,0,15,62,104,11,2,16,5,71,3,37,13,53,7,16,5,14,14,16,18,37,18,3,32,2,11,210,89,45,24,2,11,14,10,0,2,17,31,84,12,37,37,189,16,7,0,11,3,11,10,5
"WDOE",0,3,6,6,3,0,6,1,0,1,3,19,0,2,1,0,6,0,0,7,0,19,1,0,7,7,12,3,15,1,1,0,0,0,0,4,0,4,0,8,11,3,1,0,7,7,7,8,0,0,1,2,11,0,9,0,1,1,0,11,0,0,6,24,11,1,1,7,0,0,8,0,5,0,3,3,13,6,9,0,0,0,6,6,1,4,0,3,1,0,0,0,0,0,3,3,4,3,0,5,9,1,3,9,3,7,7,3,3,0,0,0,1,10,12,1,3,3,0,12,0,6,6,9,0,0,0,0,0,3,1,1,0,0,0,0,0,27,36,9,6,0,0,1,1,0,0,7,6,10,0,7,6,24,3,7,0,0,0,1,4,0
"West Sound Watershed Council",0,12,5,10,7,0,5,5,5,0,7,10,0,0,5,0,10,0,5,0,0,10,0,0,0,0,0,0,12,5,10,0,0,0,5,0,0,7,0,0,7,0,0,0,10,0,0,0,0,0,0,5,7,0,10,0,10,0,0,12,5,0,5,7,0,0,0,0,5,5,0,5,5,0,0,7,17,5,5,0,0,0,10,5,0,0,0,0,0,0,0,0,0,0,5,0,0,0,0,5,5,0,0,5,5,5,0,0,12,5,0,0,0,10,10,0,7,12,0,10,0,10,5,5,0,5,0,5,5,0,0,10,0,0,5,0,0,22,12,22,5,0,0,0,0,0,0,0,5,15,0,10,10,22,0,0,0,0,0,0,7,0
"Whatcom County",0,0,1,1,0,0,1,0,10,0,0,1,0,0,0,0,1,0,0,0,0,1,0,0,0,0,0,7,0,0,3,0,0,0,0,0,0,0,0,0,0,0,0,0,1,0,0,0,0,0,0,0,0,7,0,7,0,0,0,0,0,0,1,7,10,7,3,0,0,3,0,0,0,0,7,0,1,1,0,0,0,0,1,1,0,0,3,7,0,0,3,0,0,0,0,0,0,0,0,7,1,0,0,1,3,1,0,0,0,0,0,0,0,1,8,0,0,0,0,1,0,1,1,1,0,0,0,0,0,0,0,0,0,0,0,0,10,11,1,1,11,3,10,0,0,0,0,0,1,1,0,1,1,8,0,0,0,10,0,0,0,3
"Whatcom ECO Net",0,0,0,0,0,0,0,0,7,0,0,0,0,0,0,0,0,0,0,0,0,0,0,0,0,0,0,0,0,0,7,0,0,0,0,0,0,0,0,0,0,0,0,0,0,0,0,0,0,0,0,0,0,0,0,0,0,0,0,0,0,0,0,0,7,0,7,0,0,7,0,0,0,0,0,0,0,0,0,0,0,0,0,0,0,0,7,0,0,0,7,0,0,0,0,0,0,0,0,0,0,0,0,0,7,0,0,0,0,0,0,0,0,0,0,0,0,0,0,0,0,0,0,0,0,0,0,0,0,0,0,0,0,0,0,0,7,7,0,0,7,7,7,0,0,0,0,0,0,0,0,0,0,0,0,0,0,7,0,0,0,7
"Whatcom MRC",0,0,0,0,0,0,0,0,19,0,0,0,0,0,0,0,0,0,0,0,0,0,0,0,0,0,0,1,0,0,18,0,0,0,0,0,0,0,0,0,0,0,0,0,0,0,0,0,0,0,0,0,0,1,0,1,0,0,0,0,0,0,0,1,19,1,18,0,0,18,0,0,0,0,1,0,0,0,0,0,0,0,0,0,0,0,18,1,0,0,18,0,0,0,0,0,0,0,0,1,0,0,0,0,18,0,0,0,0,0,0,0,0,0,1,0,0,0,0,0,0,0,0,0,0,0,0,0,0,0,0,0,0,0,0,0,19,19,0,0,19,18,19,0,0,0,0,0,0,0,0,0,0,1,0,0,0,19,0,0,0,18
"Whidbey Conservation District",0,0,0,0,0,0,0,0,0,0,0,1,0,0,0,1,0,0,0,0,0,0,0,0,0,0,0,0,0,0,0,0,0,0,0,0,0,0,0,0,0,6,4,1,5,0,0,0,0,0,0,1,0,0,0,0,0,0,0,0,0,0,0,0,2,0,0,0,0,2,0,0,0,0,0,0,0,0,0,0,0,0,0,0,0,0,0,0,4,0,2,0,0,0,0,0,4,0,0,5,0,0,5,1,6,0,0,5,0,0,0,0,0,1,5,0,0,0,0,4,0,0,0,6,1,0,0,0,0,0,0,0,0,0,0,1,0,5,4,0,0,0,0,6,5,1,0,0,0,0,0,5,0,4,1,0,1,0,0,1,0,0
"Whidbey ECO Net",0,0,0,0,0,3,0,0,0,0,0,0,0,0,0,3,0,0,0,0,0,0,0,0,0,0,0,0,0,0,3,0,0,0,3,3,0,0,0,0,0,6,3,3,6,0,0,0,0,0,0,0,0,0,3,0,0,0,3,0,0,0,0,0,3,0,0,0,0,3,0,0,0,3,0,0,0,0,0,0,3,0,0,0,0,3,0,0,3,0,3,0,3,3,0,0,3,0,0,6,0,0,3,0,6,0,0,3,0,0,0,0,0,0,3,0,0,0,3,6,0,0,0,6,0,0,0,0,0,0,0,0,0,0,3,3,0,3,3,0,0,0,0,6,9,3,0,0,0,0,0,6,0,3,3,0,3,0,0,3,0,0
"Whidbey/Camano Land Trust",0,0,0,0,0,0,0,0,0,0,0,0,0,0,0,5,0,0,0,0,0,0,0,0,0,0,0,0,0,0,0,0,0,0,0,0,0,0,0,0,0,5,0,5,5,0,0,0,0,0,0,0,0,0,0,0,0,0,0,0,0,0,0,0,5,0,0,0,0,5,0,0,0,0,0,0,0,0,0,0,0,0,0,0,0,0,0,0,0,0,5,0,0,0,0,0,0,0,0,5,0,0,0,0,5,0,0,0,0,0,0,0,0,0,0,0,0,0,0,0,0,0,0,5,0,0,0,0,0,0,0,0,0,0,0,5,0,0,0,0,0,0,0,5,5,5,0,0,0,0,0,5,0,0,5,0,5,0,0,5,0,0
"Wild Fish Conservancy",0,0,0,0,0,0,1,0,0,0,0,0,0,0,0,0,0,0,0,0,0,0,0,0,0,0,0,0,0,0,0,0,0,0,1,0,0,0,0,0,0,0,0,0,0,0,0,1,0,0,0,0,0,0,1,0,0,0,0,0,0,0,0,0,1,0,1,0,0,1,0,0,0,0,0,0,0,0,0,0,0,0,0,0,0,0,0,0,1,1,1,0,0,0,0,0,0,0,0,1,0,0,0,0,1,0,0,0,0,0,0,0,0,0,0,0,0,0,1,0,0,0,0,0,0,0,1,0,0,0,0,1,0,0,1,1,0,1,0,0,0,0,0,0,0,0,1,0,0,1,0,0,0,0,0,0,0,0,0,0,0,0
"WRCO",0,0,0,0,0,0,0,0,0,0,0,0,6,0,0,0,0,0,0,0,0,0,0,3,3,3,0,0,6,0,0,0,0,0,0,0,0,0,6,3,6,0,0,0,0,3,3,3,0,0,0,0,0,0,0,0,3,0,0,9,3,3,6,9,3,0,0,3,0,0,3,0,0,0,0,6,6,0,3,0,0,0,3,0,0,0,0,0,0,0,0,3,0,0,0,0,0,0,0,0,0,0,0,0,0,0,3,0,6,0,0,0,0,0,0,0,0,0,0,0,3,3,0,0,0,0,0,0,0,0,6,0,0,3,0,0,0,9,3,0,0,0,0,0,0,0,0,9,0,0,0,0,0,9,0,3,0,0,0,0,3,0
"WRIA 10/12",0,0,5,11,0,6,5,0,0,0,0,5,0,0,0,0,11,0,6,0,0,5,0,0,0,0,0,0,6,0,0,0,0,0,0,0,0,0,6,0,0,0,0,0,5,0,0,0,0,0,0,6,0,0,0,0,0,0,0,0,0,0,5,6,0,0,0,0,0,0,0,0,0,0,0,6,11,5,0,0,0,0,5,5,0,0,0,0,0,0,0,0,0,0,0,0,0,0,0,0,5,0,0,5,0,5,0,0,6,0,0,0,0,5,5,0,0,0,0,5,0,5,5,5,0,0,0,0,0,0,0,0,6,0,0,0,0,11,5,5,5,0,0,0,0,0,0,0,11,5,0,5,5,11,0,0,0,0,0,0,0,0
"WRIA 2",0,4,8,12,0,0,31,7,4,0,0,12,0,0,7,0,15,0,7,0,0,15,0,0,0,0,0,1,12,9,11,0,0,0,14,0,0,0,0,0,0,0,0,0,15,0,0,23,0,0,0,9,0,0,40,0,11,0,0,4,7,0,8,6,10,5,15,0,4,14,0,4,12,0,1,0,15,8,12,0,0,0,15,8,5,0,0,0,23,23,10,0,0,0,5,1,14,1,0,33,8,0,0,13,14,8,13,0,4,7,0,0,0,13,29,0,0,7,10,13,0,15,8,8,0,4,10,7,7,1,0,21,0,0,27,10,0,48,14,19,8,0,0,0,0,0,10,0,8,48,13,15,15,38,1,0,0,0,0,0,0,0
"WRIA 2 TAG",0,0,0,0,0,0,4,0,0,0,0,0,0,0,0,0,0,0,0,0,0,0,0,0,0,0,0,0,0,0,0,0,0,0,0,0,0,0,0,0,0,0,0,0,0,0,0,4,0,0,0,0,0,0,4,0,0,0,0,0,0,0,0,0,0,0,0,0,0,0,0,0,0,0,0,0,0,0,0,0,0,0,0,0,0,0,0,0,4,4,0,0,0,0,0,0,4,0,0,4,0,0,0,0,0,0,4,0,0,0,0,0,0,0,4,0,0,0,0,0,0,0,0,0,0,0,0,0,0,0,0,0,0,0,4,0,0,4,0,0,0,0,0,0,0,0,0,0,0,4,4,0,0,4,0,0,0,0,0,0,0,0
"WRIA 6",0,0,5,5,0,0,5,3,0,0,0,5,0,0,3,3,8,0,3,0,0,8,0,0,0,0,0,0,3,0,3,0,0,0,0,0,0,0,0,0,0,10,7,3,18,0,0,0,0,0,0,0,0,0,3,0,3,0,0,0,3,0,5,0,3,0,0,0,0,3,0,0,3,0,0,0,8,5,3,0,0,0,8,5,0,0,0,0,7,0,3,0,0,0,0,0,7,0,0,10,5,0,7,5,10,5,0,7,0,3,0,0,0,5,15,0,0,3,0,12,0,8,5,15,0,0,0,3,3,0,0,3,0,0,0,3,0,15,12,8,5,0,0,10,10,3,0,0,5,8,0,18,8,15,3,0,3,0,0,3,0,0
"WRIA 8",16,0,5,5,0,0,5,4,0,16,0,5,0,0,20,0,9,0,4,16,0,25,0,0,0,0,0,0,4,16,4,0,0,16,0,0,0,0,0,0,0,0,0,0,9,0,0,0,0,0,16,16,0,0,4,0,4,0,0,0,20,0,5,16,16,0,0,0,0,0,0,0,4,0,0,0,9,5,4,0,0,0,9,5,0,0,0,0,0,0,0,16,0,0,0,0,0,0,0,0,5,0,0,21,0,5,0,0,0,4,0,0,0,5,9,0,0,4,0,5,0,9,5,5,0,0,0,4,4,0,0,4,0,0,0,0,0,25,5,9,5,0,0,0,0,0,0,0,5,9,0,9,25,25,0,0,0,0,0,0,0,0
"WRIA 9",6,9,7,18,2,4,9,9,8,11,2,19,2,6,19,0,19,0,12,6,9,35,5,1,1,1,0,2,23,28,16,0,0,6,7,0,0,3,6,2,5,7,1,0,16,1,1,4,0,0,20,37,3,1,26,1,17,1,0,13,24,1,9,40,9,7,6,1,7,7,2,8,20,0,2,8,32,7,16,0,0,0,16,7,6,0,0,1,3,2,0,16,0,0,8,1,4,1,0,18,7,1,7,25,14,12,3,7,15,8,0,0,5,16,26,1,2,10,0,18,1,16,7,14,0,8,0,9,9,1,3,16,4,1,9,0,1,64,25,24,8,0,1,1,1,0,0,3,11,31,2,16,21,65,1,1,0,1,0,1,4,0
"WSP",0,0,0,0,0,0,0,0,0,0,0,0,0,0,0,2,0,0,0,0,0,0,0,0,0,0,0,1,0,0,0,0,0,0,0,0,0,0,0,0,0,2,0,2,2,0,0,0,0,0,0,0,0,0,1,0,0,0,0,0,0,0,0,1,2,0,0,0,0,2,0,0,0,0,1,0,0,0,0,0,0,0,0,0,0,0,0,0,0,0,2,0,0,0,1,1,1,1,0,3,0,0,0,0,2,0,0,0,0,0,0,0,0,1,1,0,0,0,0,1,0,0,0,2,0,0,0,0,0,1,0,0,0,0,0,2,0,1,1,0,0,0,0,2,2,2,0,0,0,1,0,2,0,1,4,0,2,0,0,2,0,0
"WSUX",0,0,0,0,0,0,0,0,0,0,0,0,0,0,0,0,0,1,0,0,0,0,0,0,3,3,0,0,2,0,0,1,0,0,0,0,0,0,0,2,2,0,0,0,0,2,2,2,0,0,0,0,0,0,0,0,0,0,0,2,0,0,0,2,3,0,0,2,0,1,2,0,0,0,0,0,0,0,2,1,0,0,0,0,0,0,0,0,0,0,1,0,0,1,0,0,0,0,0,0,0,0,0,0,1,0,2,0,0,0,0,0,0,0,0,0,0,0,1,0,0,0,0,0,0,0,1,0,0,0,0,0,0,0,0,0,0,3,2,0,0,0,0,0,0,0,0,2,0,0,0,0,0,2,0,3,0,0,1,1,0,0
"WSUX Beachwatchers",0,0,0,0,0,0,0,0,0,0,0,0,0,0,0,10,0,0,0,0,0,0,0,0,0,0,0,0,0,0,0,0,0,0,0,0,0,0,0,0,0,10,0,10,10,0,0,0,0,0,0,0,0,0,0,0,0,0,0,0,0,0,0,0,10,0,0,0,0,10,0,0,0,0,0,0,0,0,0,0,0,0,0,0,0,0,0,0,0,0,10,0,0,0,0,0,0,0,0,10,0,0,0,0,10,0,0,0,0,0,0,0,0,0,0,0,0,0,0,0,0,0,0,10,0,0,0,0,0,0,0,0,0,0,0,10,0,0,0,0,0,0,0,10,10,10,0,0,0,0,0,10,0,0,10,0,10,0,0,10,0,0
"WSUX CarbonMasters",0,0,0,0,0,0,0,0,2,0,0,0,0,0,0,0,0,0,0,0,0,0,0,0,0,0,0,1,0,0,1,0,0,0,0,0,0,0,0,0,0,0,0,0,0,0,0,0,0,0,0,0,0,1,0,1,0,0,0,0,0,0,0,1,2,1,1,0,0,1,0,0,0,0,1,0,0,0,0,0,0,0,0,0,0,0,1,1,0,0,1,0,0,0,0,0,0,0,0,1,0,0,0,0,1,0,0,0,0,0,0,0,0,0,1,0,0,0,0,0,0,0,0,0,0,0,0,0,0,0,0,0,0,0,0,0,2,2,0,0,2,1,2,0,0,0,0,0,0,0,0,0,0,1,0,0,0,2,0,0,0,1
"WSUX Clallam",0,0,0,0,0,0,0,0,0,0,0,0,0,0,0,0,0,1,0,0,0,0,0,0,1,1,0,0,0,0,0,1,0,0,0,0,0,0,0,0,0,0,0,0,0,0,0,0,0,0,0,0,0,0,0,0,0,0,0,0,0,0,0,0,1,0,0,0,0,1,0,0,0,0,0,0,0,0,0,1,0,0,0,0,0,0,0,0,0,0,1,0,0,1,0,0,0,0,0,0,0,0,0,0,1,0,0,0,0,0,0,0,0,0,0,0,0,0,1,0,0,0,0,0,0,0,1,0,0,0,0,0,0,0,0,0,0,1,0,0,0,0,0,0,0,0,0,0,0,0,0,0,0,0,0,1,0,0,1,1,0,0
"WSUX Jefferson",0,0,0,0,0,0,0,0,0,0,0,0,0,0,0,3,0,2,0,0,0,0,0,0,2,2,0,0,7,0,14,2,0,0,0,0,7,7,0,7,7,3,0,3,3,0,0,14,7,7,0,0,7,0,7,0,7,7,0,7,0,0,0,7,5,0,0,0,0,12,7,0,0,0,0,0,0,0,7,2,0,7,0,0,0,0,0,0,0,0,12,0,0,2,0,0,0,0,0,3,0,7,0,0,12,0,0,0,0,0,0,0,0,0,0,0,0,0,2,7,0,0,0,3,0,0,2,0,0,0,7,7,0,0,0,3,0,16,7,0,0,0,0,3,3,3,0,0,0,0,0,3,0,7,3,2,3,0,2,19,7,0
"WSUX Kitsap",0,6,0,0,6,0,0,0,0,0,6,0,6,0,0,0,0,0,0,0,0,0,0,6,0,0,0,0,18,0,6,0,0,0,0,0,0,12,6,6,18,0,0,0,0,0,0,6,0,0,0,0,12,0,6,0,12,6,0,18,0,0,6,18,0,0,0,0,0,0,6,0,0,0,0,12,12,0,6,0,0,0,0,0,0,0,0,0,0,0,0,6,0,0,0,0,0,0,0,0,0,6,0,0,0,0,0,0,12,0,0,0,0,0,0,0,6,6,0,6,6,0,0,0,0,0,0,0,0,0,12,6,0,6,0,0,0,18,12,6,0,0,0,0,0,0,0,6,0,0,0,0,0,18,0,0,0,0,0,6,18,0
"WWU",0,0,0,0,0,0,0,0,6,0,0,0,0,0,0,0,0,0,0,0,0,0,0,0,0,0,0,0,0,0,6,0,0,0,0,4,0,0,0,0,0,0,0,0,0,0,0,0,0,0,0,0,0,0,0,0,0,0,0,0,0,0,0,0,6,0,6,0,0,6,0,0,0,0,0,0,0,0,0,0,0,0,0,0,0,0,6,0,0,0,6,0,0,0,0,0,0,0,0,0,0,0,0,0,6,0,0,0,0,0,0,0,0,0,0,0,0,0,0,0,0,0,0,0,4,0,0,0,0,0,0,0,0,0,0,0,6,10,0,0,6,6,6,0,0,0,0,0,0,0,0,0,0,0,0,0,0,6,0,0,0,10
